-- MySQL dump 10.13  Distrib 8.0.28, for Win64 (x86_64)
--
-- Host: localhost    Database: library_database
-- ------------------------------------------------------
-- Server version	8.0.28

/*!40101 SET @OLD_CHARACTER_SET_CLIENT=@@CHARACTER_SET_CLIENT */;
/*!40101 SET @OLD_CHARACTER_SET_RESULTS=@@CHARACTER_SET_RESULTS */;
/*!40101 SET @OLD_COLLATION_CONNECTION=@@COLLATION_CONNECTION */;
/*!50503 SET NAMES utf8mb4 */;
/*!40103 SET @OLD_TIME_ZONE=@@TIME_ZONE */;
/*!40103 SET TIME_ZONE='+00:00' */;
/*!40014 SET @OLD_UNIQUE_CHECKS=@@UNIQUE_CHECKS, UNIQUE_CHECKS=0 */;
/*!40014 SET @OLD_FOREIGN_KEY_CHECKS=@@FOREIGN_KEY_CHECKS, FOREIGN_KEY_CHECKS=0 */;
/*!40101 SET @OLD_SQL_MODE=@@SQL_MODE, SQL_MODE='NO_AUTO_VALUE_ON_ZERO' */;
/*!40111 SET @OLD_SQL_NOTES=@@SQL_NOTES, SQL_NOTES=0 */;

--
-- Table structure for table `academic_staff`
--

DROP TABLE IF EXISTS `academic_staff`;
/*!40101 SET @saved_cs_client     = @@character_set_client */;
/*!50503 SET character_set_client = utf8mb4 */;
CREATE TABLE `academic_staff` (
  `member_ID` int NOT NULL,
  PRIMARY KEY (`member_ID`),
  CONSTRAINT `academic_staff_ibfk_1` FOREIGN KEY (`member_ID`) REFERENCES `member` (`member_ID`)
) ENGINE=InnoDB DEFAULT CHARSET=utf8mb4 COLLATE=utf8mb4_0900_ai_ci;
/*!40101 SET character_set_client = @saved_cs_client */;

--
-- Dumping data for table `academic_staff`
--

LOCK TABLES `academic_staff` WRITE;
/*!40000 ALTER TABLE `academic_staff` DISABLE KEYS */;
INSERT INTO `academic_staff` VALUES (117980),(118109),(125371),(125780),(131361),(147382),(149818),(159397),(169739),(172440),(174542),(180869),(186298),(198476),(199699),(209627),(222563),(224527),(228339),(239118),(247051),(248088),(259652),(272413),(273427),(285184),(314444),(327429),(329548),(337146),(352882),(359608),(407464),(417301),(425289),(430932),(431018),(437096),(452967),(456816),(467568),(476018),(492623),(498361),(521604),(523887),(537235),(541221),(544977),(568435),(569286),(587639),(589874),(597006),(597409),(599683),(601808),(637522),(642586),(645306),(651163),(661971),(664807),(669618),(673745),(674436),(678498),(682104),(683539),(684722),(688836),(711278),(712170),(715045),(759183),(760995),(776211),(779374),(792224),(795746),(803426),(812026),(848091),(857324),(862947),(871827),(873626),(880808),(884068),(899405),(900863),(906259),(928962),(935067),(953997),(955183),(956821),(957459),(964222),(994907),(995863),(999219);
/*!40000 ALTER TABLE `academic_staff` ENABLE KEYS */;
UNLOCK TABLES;

--
-- Table structure for table `alumni`
--

DROP TABLE IF EXISTS `alumni`;
/*!40101 SET @saved_cs_client     = @@character_set_client */;
/*!50503 SET character_set_client = utf8mb4 */;
CREATE TABLE `alumni` (
  `member_ID` int NOT NULL,
  `grad_year` int DEFAULT NULL,
  PRIMARY KEY (`member_ID`),
  CONSTRAINT `alumni_ibfk_1` FOREIGN KEY (`member_ID`) REFERENCES `member` (`member_ID`)
) ENGINE=InnoDB DEFAULT CHARSET=utf8mb4 COLLATE=utf8mb4_0900_ai_ci;
/*!40101 SET character_set_client = @saved_cs_client */;

--
-- Dumping data for table `alumni`
--

LOCK TABLES `alumni` WRITE;
/*!40000 ALTER TABLE `alumni` DISABLE KEYS */;
INSERT INTO `alumni` VALUES (114862,2002),(116286,2013),(129405,2000),(138130,2014),(140932,2000),(169618,2013),(187639,2015),(210135,2013),(214985,2006),(216408,2017),(222179,2014),(228229,2010),(228355,2004),(229899,2013),(240799,2009),(241389,2016),(249410,2006),(249736,2010),(266624,2017),(268942,2001),(281794,2015),(292144,2013),(311405,2011),(312364,2001),(328690,2008),(363748,2014),(368157,2016),(371751,2007),(375051,2000),(375190,2003),(387407,2010),(390989,2015),(397241,2012),(405156,1986),(415337,1990),(430633,2016),(436424,2014),(444670,1998),(445650,2013),(466203,2007),(468347,2013),(484822,2017),(486573,2015),(494794,2015),(495659,1993),(501368,2014),(507594,2016),(509810,1985),(516579,2016),(520539,2007),(526273,2011),(529604,2014),(532560,2009),(563448,1998),(567269,2012),(574544,1994),(579003,2013),(606834,2005),(612960,2016),(625661,2003),(630030,2005),(646972,2009),(654723,2011),(662168,2008),(672964,2000),(678244,2007),(682855,1990),(701561,2001),(703495,2015),(707678,2015),(709899,1981),(717079,2002),(725731,2013),(749292,2016),(768500,1985),(783654,2016),(796832,2003),(809793,2004),(816768,2017),(833424,1987),(845635,2013),(864339,1985),(864834,1999),(874431,1998),(893798,2016),(896825,2009),(909541,1983),(924252,2016),(931481,2015),(939556,2002),(942454,2011),(951011,2015),(960091,2000),(965308,2017),(969572,2006),(970841,2012),(976347,2015),(982922,2016),(990758,2010);
/*!40000 ALTER TABLE `alumni` ENABLE KEYS */;
UNLOCK TABLES;

--
-- Table structure for table `author`
--

DROP TABLE IF EXISTS `author`;
/*!40101 SET @saved_cs_client     = @@character_set_client */;
/*!50503 SET character_set_client = utf8mb4 */;
CREATE TABLE `author` (
  `book_ID` int NOT NULL,
  `authorName` varchar(120) NOT NULL,
  PRIMARY KEY (`book_ID`,`authorName`),
  CONSTRAINT `author_ibfk_1` FOREIGN KEY (`book_ID`) REFERENCES `book` (`book_ID`)
) ENGINE=InnoDB DEFAULT CHARSET=utf8mb4 COLLATE=utf8mb4_0900_ai_ci;
/*!40101 SET character_set_client = @saved_cs_client */;

--
-- Dumping data for table `author`
--

LOCK TABLES `author` WRITE;
/*!40000 ALTER TABLE `author` DISABLE KEYS */;
INSERT INTO `author` VALUES (1,'J.K. Rowling/Mary GrandPre'),(2,'J.K. Rowling/Mary GrandPre'),(4,'J.K. Rowling'),(5,'J.K. Rowling/Mary GrandPre'),(8,'J.K. Rowling/Mary GrandPre'),(9,'W. Frederick Zimmerman'),(10,'J.K. Rowling'),(12,'Douglas Adams'),(13,'Douglas Adams'),(14,'Douglas Adams'),(16,'Douglas Adams/Stephen Fry'),(18,'Douglas Adams'),(21,'Bill Bryson'),(22,'Bill Bryson'),(23,'Bill Bryson'),(24,'Bill Bryson'),(25,'Bill Bryson'),(26,'Bill Bryson'),(27,'Bill Bryson'),(28,'Bill Bryson'),(29,'Bill Bryson'),(30,'J.R.R. Tolkien'),(31,'J.R.R. Tolkien'),(34,'J.R.R. Tolkien'),(35,'J.R.R. Tolkien/Alan  Lee'),(36,'Chris   Smith/Christopher  Lee/Richard Taylor'),(37,'Jude Fisher'),(45,'Dave Thomas/David Heinemeier Hansson/Leon Breedt/Mike Clark/Thomas  Fuchs/Andreas  Schwarz'),(50,'Gary Paulsen'),(51,'Donna Ickes/Edward Sciranko/Keith Vasconcelles'),(53,'Gary Paulsen'),(54,'Molly Hatchet'),(55,'Dale Peck'),(57,'Angela Knight/Sahara Kelly/Judy Mays/Marteeka Karland/Kate Douglas/Shelby Morgen/Lacey Savage/Kate Hill/Willa Okati'),(58,'Delia Sherman'),(59,'Patricia A. McKillip'),(61,'Zilpha Keatley Snyder'),(63,'Kate Horsley'),(66,'Philippa Carr'),(67,'Edward P. Jones'),(68,'Edward P. Jones/Kevin R. Free'),(69,'Edward P. Jones'),(71,'Satyajit Das'),(72,'Mark Smylie'),(74,'John McPhee/William Howarth'),(75,'John McPhee'),(76,'John McPhee'),(77,'John McPhee'),(78,'John McPhee'),(79,'John McPhee'),(80,'John McPhee'),(81,'John McPhee'),(83,'John McPhee'),(85,'Wendy Wasserstein'),(86,'Wendy Wasserstein'),(89,'Heidi Hayes Jacobs'),(90,'Heidi Boyd'),(91,'Heidi Baker/Rolland Baker'),(92,'Heidi Hayes Jacobs'),(93,'Johanna Spyri/Beverly Cleary/Angelo  Rinaldi'),(94,'Heidi Hayes Jacobs'),(96,'Rolland Baker/Heidi Baker'),(98,'Heidi Murkoff/Sharon Mazel/Arlene Eisenberg/Sandee Hathaway/Mark D. Widome'),(99,'Heidi Fleiss/Libby Keatinge'),(100,'Heidi Boyd'),(103,'Frank Herbert'),(105,'Frank Herbert'),(106,'Frank Herbert'),(107,'Brian Herbert'),(109,'Frank Herbert'),(110,'Frank Herbert/Brian Herbert/Kevin J. Anderson'),(117,'Frank Herbert'),(119,'Gary Russell'),(122,'Bryce Courtenay'),(123,'Bryce Courtenay'),(129,'John C. Maxwell/Stephen R. Graves/Thomas G. Addington'),(130,'Dave Lakhani'),(131,'Louis E. Catron'),(132,'Adam Ginsberg'),(133,'Marsha Collier'),(135,'Chris Malta/Lisa Suttora'),(137,'Marsha Collier'),(138,'Julia Wilkinson'),(139,'Marsha Collier'),(140,'Marsha Collier'),(141,'Lucas Carlson/Leonard Richardson'),(142,'Ruby Ann Boxcar'),(144,'Ruby Ann Boxcar'),(147,'Rob Orsini'),(151,'Leo Tolstoy/Richard Pevear/Larissa Volokhonsky'),(152,'Leo Tolstoy/David Magarshack/Priscilla Meyer'),(153,'Leo Tolstoy/Richard Pevear/Larissa Volokhonsky/John Bayley'),(154,'Marianne Sturman/Leo Tolstoy'),(155,'Leo Tolstoy/Amy Mandelker/Constance Garnett'),(156,'Leo Tolstoy/Louise Maude/Aylmer Maude'),(157,'Leo Tolstoy/Constance Garnett/Amy Mandelker'),(159,'Gloria Goldreich'),(160,'Anthony Thorlby'),(162,'Mulk Raj Anand/E.M. Forster'),(163,'John Banville'),(164,'Eliot Ness/Oscar Fraley'),(165,'Narendra Jadhav'),(166,'V.T. Rajshekar/Y.N. Kly'),(168,'Vasant Moon/Gail Omvedt/Eleanor Zelliot'),(171,'Barry R. Cournoyer'),(177,'John Carratello/Patty Carratello/Theresa Wright'),(180,'George Smoot/Keay Davidson'),(181,'Madeleine L\'Engle'),(182,'Tara MacCarthy'),(201,'Madeleine L\'Engle'),(204,'Cynthia Harrod-Eagles'),(205,'Charles Todd'),(207,'Ewan McGregor/Charley Boorman/Robert Uhlig'),(208,'Daniel Abraham'),(213,'Charles Willeford/James Lee Burke'),(214,'Charles Willeford/Lawrence Block'),(216,'Charles Willeford/Elmore Leonard'),(230,'Charles Willeford'),(231,'Tom Wolfe'),(237,'Edward Lear/Laura Huliska-Beith/Edward Mendelson'),(244,'Quentin Blake'),(245,'Henry Miller/Thomas H. Moore'),(247,'Henry Miller'),(249,'Henry Miller/Jiri Nil'),(250,'Henry Miller'),(251,'Henry Miller'),(252,'Henry Miller'),(253,'Henry Miller'),(264,'Henry James/Patricia Crick'),(269,'Henry James/Gabriel Brownstein/Mary Cregan'),(277,'Marguerite Duras'),(278,'Marguerite Duras/Barbara Bray'),(280,'Marguerite Duras/Richard Seever'),(285,'Kahlil Gibran/Suheil Bushrui/Salma H. Al-Kuzbari'),(288,'Jean Gibran/Kahlil Gibran'),(289,'Kahlil Gibran/John Walbridge/Robin Waterfield'),(290,'Kahlil Gibran'),(291,'Kahlil Gibran/Anthony Rizcallah Ferris'),(292,'Kahlil Gibran'),(295,'Robert Louis Stevenson'),(296,'Robert Louis Stevenson/Scott McKowen'),(297,'Robert Louis Stevenson'),(298,'Robert Louis Stevenson/N.C. Wyeth/Timothy Meis'),(299,'Robert Louis Stevenson/Milo Winter'),(302,'Deidre S. Laiken/A.J. McAllister/Robert Louis Stevenson'),(313,'Ralph Ginzburg'),(324,'Gabriel Garcia Marquez'),(330,'Dr. Seuss'),(332,'Debbie Raleigh'),(333,'Kevin Henkes'),(337,'Patrick Süskind'),(348,'Robert A. Heinlein'),(350,'Robert A. Heinlein'),(354,'Robert A. Heinlein'),(355,'Robert A. Heinlein'),(356,'Robert A. Heinlein'),(357,'Douglas Adams'),(359,'Douglas Adams'),(362,'Nick  Webb'),(367,'Terry Jones'),(377,'Douglas Adams/Christopher Cerf'),(382,'Susan Nanus/Norton Juster'),(385,'Harry G. Frankfurt'),(386,'Nick Flynn'),(394,'Garry Wills'),(397,'Abraham Lincoln/Michael McCurdy'),(399,'Don DeLillo'),(400,'Don DeLillo'),(403,'Don DeLillo'),(404,'Don DeLillo'),(406,'Don DeLillo'),(407,'Don DeLillo'),(408,'Don DeLillo'),(409,'Thomas Pynchon'),(410,'Thomas Pynchon'),(411,'Thomas Pynchon'),(412,'Thomas Pynchon'),(413,'Thomas Pynchon/Christophe Claro/Brice Matthieussent'),(414,'Thomas Pynchon'),(415,'Thomas Pynchon'),(416,'Thomas Pynchon'),(418,'Richard Farina/Thomas Pynchon'),(420,'Joan Didion'),(421,'Joan Didion'),(422,'Joan Didion'),(423,'Joan Didion'),(424,'Joan Didion'),(425,'Joan Didion'),(426,'Joan Didion/John Leonard'),(428,'Joan Didion/David Thomson'),(431,'Paul Auster/Art Spiegelman/Luc Sante'),(432,'Paul Auster'),(434,'Paul Auster'),(435,'Paul Auster'),(444,'Peter Moon/Preston B. Nichols/Nina Helms'),(446,'Paul Auster'),(447,'Paul Auster'),(453,'Paul Auster'),(454,'Paul Auster'),(456,'Paul Auster'),(463,'Paul Auster'),(466,'Paul Auster'),(475,'Jared Diamond'),(476,'Stephen Leeb/Glen C. Strathy'),(477,'Joseph A. Tainter'),(478,'Robert D. Putnam'),(481,'Philip K. Howard'),(484,'Joy Harjo/Gloria Bird/Beth Cuthand/Valerie Martinez/Patricia Blanco'),(493,'Nikola Tesla'),(494,'Marc J.  Seifer/William H. Terbo'),(497,'Carol Dommermuth-Costa'),(498,'Nikola Tesla/David Hatcher Childress'),(511,'Julie Elizabeth Leto/Leslie Kelly/Kimberly Raye'),(515,'Dave Thomas/Chad Fowler/Andy Hunt'),(523,'Maureen Kelly/CliffsNotes/William Golding'),(524,'William Golding'),(531,'Victor Davis Hanson'),(534,'Ephraim Sevela/Antonina W. Bouis'),(537,'Alice Sebold'),(538,'Alice Sebold'),(539,'Sharyn McCrumb'),(565,'Dave Shea/Molly E. Holzschlag'),(570,'Elizabeth Castro'),(576,'Michael Ochs/Patrick Javault/Ulrike Wasel'),(597,'Chuck Klosterman'),(599,'Chuck Klosterman'),(619,'Jane Feather'),(629,'Robert M. Pirsig'),(639,'Kevin O\'Malley/Carol Heyer/Scott Goto'),(642,'Ronald L. DiSanto/Thomas J. Steele'),(643,'John Harold Haynes'),(650,'Catharine M. Fishel/Bill Gardner'),(655,'Leo Tolstoy/Hugh McLean'),(656,'Leo Tolstoy/Henry Gifford/Aylmer Maude/Louise Maude'),(658,'Leo Tolstoy/Constance Garnett'),(662,'Ayn Rand/Leonard Peikoff'),(663,'Ayn Rand'),(664,'Ayn Rand'),(665,'Ayn Rand/Nathaniel Branden'),(667,'Ayn Rand'),(668,'Ayn Rand/Leonard Peikoff'),(669,'Ayn Rand/Nathaniel Branden/Alan Greenspan/Robert Hessen'),(670,'Ayn Rand/Michael S. Berliner/Leonard Peikoff'),(672,'J.J. Isler/Peter Isler'),(675,'Colin  Wells'),(676,'Billy Collins'),(678,'Christopher Caswell'),(681,'Kevin Trudeau'),(685,'Bernard Malamud/Kevin Baker'),(698,'Anne Tyler'),(700,'Gary Colombo/Bonnie Lisle'),(702,'Thomas E. Skidmore/Peter H. Smith'),(703,'Philip Roth'),(707,'Jon   Stewart'),(759,'Gabriel Garcia Marquez/Gregory Rabassa/J.S. Bernstein'),(762,'Gabriel Garcia Marquez'),(763,'Gabriel Garcia Marquez'),(764,'Gabriel Garcia Marquez'),(765,'Gabriel Garcia Marquez/Edith Grossman'),(766,'Gabriel Garcia Marquez'),(771,'Brian Greene'),(775,'Upasika Kee Nanayon/Thanissaro Bhikkhu'),(787,'Rob Humphreys/Beth Chaplin/Rebecca Morrill'),(793,'Lonely Planet/Sarah Johnstone/Steve Fallon'),(797,'Lonely Planet/Sarah Johnstone/Tom Masters'),(799,'Lonely Planet/Mark Honan'),(815,'H.G. Bissinger'),(816,'Neal Stephenson'),(821,'Neal Stephenson'),(822,'Neal Stephenson'),(823,'Neal Stephenson'),(824,'Neal Stephenson/J. Frederick George'),(826,'Neal Stephenson'),(827,'Neal Stephenson/Pedro Jorge Romero'),(828,'Neal Stephenson/George F. Jewsbury/Stephen  Bury'),(829,'Neal Stephenson'),(830,'Neal Stephenson/Guy Abadia'),(834,'Dan Harrington/Bill Robertie'),(835,'Dan Harrington/Bill Robertie'),(840,'Donald A. Norman');
/*!40000 ALTER TABLE `author` ENABLE KEYS */;
UNLOCK TABLES;

--
-- Table structure for table `book`
--

DROP TABLE IF EXISTS `book`;
/*!40101 SET @saved_cs_client     = @@character_set_client */;
/*!50503 SET character_set_client = utf8mb4 */;
CREATE TABLE `book` (
  `book_ID` int NOT NULL,
  `member_ID` int DEFAULT NULL,
  `library_ID` int DEFAULT NULL,
  `isbn` bigint NOT NULL,
  `title` varchar(300) DEFAULT NULL,
  `floor_no` int DEFAULT NULL,
  `librarian_ID` int DEFAULT NULL,
  `language` varchar(30) DEFAULT NULL,
  `ratings_count` int DEFAULT NULL,
  `publication_date` date DEFAULT NULL,
  `publisher` varchar(100) DEFAULT NULL,
  `page_number` int DEFAULT NULL,
  `rating` double DEFAULT NULL,
  `borrow_duration` int DEFAULT NULL,
  PRIMARY KEY (`book_ID`,`isbn`),
  KEY `librarian_ID` (`librarian_ID`),
  KEY `member_ID` (`member_ID`),
  KEY `library_ID` (`library_ID`),
  CONSTRAINT `book_ibfk_1` FOREIGN KEY (`librarian_ID`) REFERENCES `librarian` (`librarian_ID`),
  CONSTRAINT `book_ibfk_2` FOREIGN KEY (`member_ID`) REFERENCES `member` (`member_ID`),
  CONSTRAINT `book_ibfk_3` FOREIGN KEY (`library_ID`) REFERENCES `library` (`library_ID`)
) ENGINE=InnoDB DEFAULT CHARSET=utf8mb4 COLLATE=utf8mb4_0900_ai_ci;
/*!40101 SET character_set_client = @saved_cs_client */;

--
-- Dumping data for table `book`
--

LOCK TABLES `book` WRITE;
/*!40000 ALTER TABLE `book` DISABLE KEYS */;
INSERT INTO `book` VALUES (1,392678,2,439785960,'Harry Potter and the Half-Blood Prince (Harry Potter  #6)',2,101,'eng',2095690,'2006-09-16','Scholastic Inc.',652,4.57,0),(2,880704,3,439358078,'Harry Potter and the Order of the Phoenix (Harry Potter  #5)',2,201,'eng',2153167,'2004-09-01','Scholastic Inc.',870,4.49,5),(3,186102,2,439554896,'Harry Potter and the Chamber of Secrets (Harry Potter  #2)',1,202,'eng',6333,'2003-11-01','Scholastic',352,4.42,3),(4,350367,2,439655480,'Harry Potter and the Prisoner of Azkaban (Harry Potter  #3)',2,102,'eng',2339585,'2004-05-01','Scholastic Inc.',435,4.56,29),(5,893976,1,439682584,'Harry Potter Boxed Set  Books 1-5 (Harry Potter  #1-5)',1,203,'eng',41428,'2004-09-13','Scholastic',2690,4.78,40),(6,542826,1,976540606,'\"Unauthorized Harry Potter Book Seven News: \"\"Half-Blood Prince\"\" Analysis and Speculation\"',1,101,'en',19,'2005-04-26','Nimble Books',152,3.74,13),(7,590579,3,439827604,'Harry Potter Collection (Harry Potter  #1-6)',2,306,'eng',28242,'2005-09-12','Scholastic',3342,4.73,32),(8,297741,1,517226952,'The Ultimate Hitchhiker\'s Guide: Five Complete Novels and One Story (Hitchhiker\'s Guide to the Galaxy  #1-5)',0,207,'eng',3628,'2005-11-01','Gramercy Books',815,4.38,8),(9,458320,3,345453743,'The Ultimate Hitchhiker\'s Guide to the Galaxy (Hitchhiker\'s Guide to the Galaxy  #1-5)',0,208,'eng',249558,'2002-04-30','Del Rey Books',815,4.38,19),(10,297059,1,1400052920,'The Hitchhiker\'s Guide to the Galaxy (Hitchhiker\'s Guide to the Galaxy  #1)',1,209,'eng',4930,'2004-08-03','Crown',215,4.22,26),(11,874971,3,739322206,'The Hitchhiker\'s Guide to the Galaxy (Hitchhiker\'s Guide to the Galaxy  #1)',2,108,'eng',1266,'2005-03-23','Random House Audio',6,4.22,8),(12,136626,3,517149257,'The Ultimate Hitchhiker\'s Guide (Hitchhiker\'s Guide to the Galaxy  #1-5)',3,202,'eng',2877,'1996-01-17','Wings Books',815,4.38,19),(13,865495,3,767908180,'A Short History of Nearly Everything',2,305,'eng',248558,'2004-09-14','Broadway Books',544,4.21,34),(14,415161,2,767915062,'Bill Bryson\'s African Diary',1,306,'eng',7270,'2002-12-03','Broadway Books',55,3.44,28),(15,279563,1,767910435,'Bryson\'s Dictionary of Troublesome Words: A Writer\'s Guide to Getting It Right',3,101,'eng',2088,'2004-09-14','Broadway Books',256,3.87,30),(16,201710,3,767903862,'In a Sunburned Country',1,201,'eng',72451,'2001-05-15','Broadway Books',335,4.07,3),(17,722543,3,767903820,'I\'m a Stranger Here Myself: Notes on Returning to America After Twenty Years Away',1,202,'eng',49240,'2000-06-28','Broadway Books',304,3.9,15),(18,909337,1,60920084,'The Lost Continent: Travels in Small Town America',3,102,'eng',45712,'1990-08-28','William Morrow Paperbacks',299,3.83,22),(19,601071,3,380713802,'Neither Here nor There: Travels in Europe',0,203,'eng',48701,'1993-03-28','William Morrow Paperbacks',254,3.86,22),(20,269523,1,380727501,'Notes from a Small Island',0,101,'eng',80609,'1997-05-28','William Morrow Paperbacks',324,3.91,8),(21,310986,1,380715430,'The Mother Tongue: English and How It Got That Way',3,306,'eng',28489,'1991-09-28','William Morrow Paperbacks',270,3.93,8),(22,323914,3,345538374,'J.R.R. Tolkien 4-Book Boxed Set: The Hobbit and The Lord of the Rings',1,207,'eng',101233,'2012-09-25','Ballantine Books',1728,4.59,17),(23,928739,3,618517650,'The Lord of the Rings (The Lord of the Rings  #1-3)',2,208,'eng',1710,'2004-10-21','Houghton Mifflin Harcourt',1184,4.5,26),(24,238992,2,618346252,'The Fellowship of the Ring (The Lord of the Rings  #1)',0,209,'eng',2128944,'2003-09-05','Houghton Mifflin Harcourt',398,4.36,22),(25,434046,2,618260587,'The Lord of the Rings (The Lord of the Rings  #1-3)',2,108,'en',1618,'2002-10-01','Houghton Mifflin Harcourt',1216,4.5,38),(26,971444,3,618391002,'The Lord of the Rings: Weapons and Warfare',0,202,'eng',19822,'2003-11-05','Houghton Mifflin Harcourt',218,4.53,32),(27,602683,3,618510826,'The Lord of the Rings: Complete Visual Companion',0,305,'eng',359,'2004-11-15','Houghton Mifflin Harcourt',224,4.5,25),(28,145327,2,976694000,'Agile Web Development with Rails: A Pragmatic Guide',1,306,'eng',1430,'2005-07-28','Pragmatic Bookshelf',558,3.84,34),(29,597202,3,689840926,'Hatchet (Brian\'s Saga  #1)',0,101,'eng',270244,'2000-04-01','Atheneum Books for Young Readers: Richard Jackson Books',208,3.72,13),(30,168824,1,1557344493,'\"Hatchet: A Guide for Using \"\"Hatchet\"\" in the Classroom\"',3,201,'eng',36,'1994-08-28','Teacher Created Resources',48,4,34),(31,616665,1,385326505,'Guts: The True Stories behind Hatchet and the Brian Books',1,202,'eng',2067,'2001-01-23','Delacorte Press',144,3.88,40),(32,NULL,2,1575606240,'Molly Hatchet - 5 of the Best',0,102,'eng',6,'2003-06-10','Cherry Lane Music Company',56,4.33,NULL),(33,NULL,2,1595580271,'Hatchet Jobs: Writings on Contemporary Fiction',2,203,'en',99,'2005-11-01','The New Press',228,3.45,NULL),(34,NULL,3,1595962808,'A Changeling for All Seasons (Changeling Seasons #1)',3,101,'eng',167,'2005-11-01','Changeling Press',304,3.76,NULL),(35,NULL,1,670059676,'Changeling (Changeling  #1)',0,306,'eng',978,'2006-08-17','Viking Juvenile',256,3.6,NULL),(36,NULL,1,141312629,'The Changeling Sea',0,207,'eng',4454,'2003-04-14','Firebird',137,4.06,NULL),(37,NULL,2,595321801,'The Changeling',2,208,'eng',1176,'2004-06-08','iUniverse',228,4.17,NULL),(38,NULL,2,1590301943,'The Changeling',3,209,'eng',301,'2005-04-12','Shambhala',339,3.55,NULL),(39,NULL,2,449146979,'The Changeling (Daughters of England  #15)',1,108,'eng',345,'1990-08-28','Ivy Books',369,3.98,NULL),(40,NULL,1,61159174,'The Known World',3,202,'eng',29686,'2006-08-29','Amistad',388,3.83,NULL),(41,NULL,2,60762730,'The Known World',1,305,'en',55,'2004-06-15','HarperAudio',14,3.83,NULL),(42,NULL,3,60749911,'The Known World',1,306,'eng',22,'2004-06-15','Harper',576,3.83,NULL),(43,NULL,2,273704745,'Traders  Guns & Money: Knowns and Unknowns in the Dazzling World of Derivatives',1,101,'eng',1456,'2006-05-15','FT Press',334,3.83,NULL),(44,NULL,1,1932386106,'Artesia: Adventures in the Known World',2,201,'eng',52,'2005-12-14','Archaia',352,4.13,NULL),(45,NULL,2,374517193,'The John McPhee Reader (John McPhee Reader  #1)',1,202,'eng',562,'1982-06-01','Farrar  Straus and Giroux',416,4.42,NULL),(46,NULL,2,374280398,'Uncommon Carriers',1,102,'en',1630,'2006-05-16','Farrar Straus Giroux',248,3.95,NULL),(47,NULL,2,374519749,'Heirs of General Practice',0,203,'eng',268,'1986-04-01','Farrar  Straus and Giroux',128,4.17,NULL),(48,NULL,3,374522596,'The Control of Nature',0,101,'en',3498,'1990-09-01','Farrar  Straus and Giroux',288,4.24,NULL),(49,NULL,1,374518734,'Annals of the Former World',1,306,'eng',3115,'1999-01-06','Farrar  Straus and Giroux',720,4.34,NULL),(50,NULL,1,374522871,'Coming Into the Country',1,207,'eng',5704,'1991-04-01','Farrar  Straus and Giroux',448,4.22,NULL),(51,NULL,2,374519323,'La Place de la Concorde Suisse',2,208,'fre',698,'1994-04-01','Farrar  Straus and Giroux',160,3.92,NULL),(52,NULL,1,374516006,'Giving Good Weight',3,209,'eng',542,'1994-04-01','Farrar  Straus and Giroux',288,4.23,NULL),(53,NULL,3,374520658,'Rising from the Plains',0,108,'eng',1341,'1987-11-01','Farrar  Straus and Giroux',208,4.23,NULL),(54,NULL,3,822205106,'The Heidi Chronicles',3,202,'eng',1423,'2002-03-01','Dramatists Play Service',81,3.75,NULL),(55,NULL,3,679734996,'The Heidi Chronicles: Uncommon Women and Others & Isn\'t It Romantic',2,305,'eng',2766,'1991-07-02','Vintage',249,3.84,NULL),(56,NULL,3,1596670231,'Active Literacy Across the Curriculum: Strategies for Reading  Writing  Speaking  and Listening',3,306,'eng',31,'2006-03-29','Routledge',138,3.94,NULL),(57,NULL,3,1581807740,'Simply Beautiful Beaded Jewelry',2,101,'en',62,'2006-03-14','North Light Books',128,3.77,NULL),(58,NULL,1,800793617,'Always Enough: God\'s Miraculous Provision Among the Poorest Children on Earth',0,201,'eng',860,'2003-09-01','Chosen Books',192,4.46,NULL),(59,NULL,3,871202867,'Mapping the Big Picture: Integrating Curriculum & Assessment K-12',3,202,'en',77,'1997-01-28','Association for Supervision & Curriculum Development',108,3.68,NULL),(60,NULL,2,753454947,'Heidi (Heidi  #1-2)',3,102,'eng',153317,'2002-11-15','Kingfisher',352,3.99,NULL),(61,NULL,2,871209993,'Getting Results with Curriculum Mapping',2,203,'eng',55,'2004-11-15','ASCD',192,3.25,NULL),(62,NULL,2,1852402873,'There\'s Always Enough: The Miraculous Move of God in Mozambique',2,101,'eng',34,'2003-04-28','Sovereign World',192,4.46,NULL),(63,NULL,2,761129588,'What to Expect the First Year (What to Expect)',2,306,'eng',11797,'2003-10-16','Workman Publishing Company',832,3.89,NULL),(64,NULL,2,972016414,'The Player\'s Handbook: The Ultimate Guide on Dating and Relationships',2,207,'eng',34,'2004-05-10','One Hour Entertainment',123,3.82,NULL),(65,NULL,2,1581805632,'Simply Beautiful Beading: 53 Quick and Easy Projects',1,208,'en',78,'2004-08-19','North Light Books',128,3.78,NULL),(66,NULL,3,441294677,'God Emperor of Dune (Dune Chronicles  #4)',1,209,'eng',2785,'1987-06-15','Ace Books',423,3.84,NULL),(67,NULL,3,441102670,'Chapterhouse: Dune (Dune Chronicles #6)',2,108,'eng',38778,'1987-07-01','Ace Books',436,3.91,NULL),(68,NULL,1,441172695,'Dune Messiah (Dune Chronicles #2)',3,202,'eng',97494,'1987-07-15','Ace Books',331,3.88,NULL),(69,NULL,2,765306476,'Dreamer of Dune: The Biography of Frank Herbert',3,305,'en',784,'2004-07-01','Tor Books',592,4.01,NULL),(70,NULL,2,399128980,'Heretics of Dune (Dune Chronicles  #5)',2,306,'eng',272,'1984-04-16','Putnam',480,3.86,NULL),(71,NULL,1,765353709,'The Road to Dune',0,101,'eng',4789,'2006-08-29','Tor Science Fiction',426,3.88,NULL),(72,NULL,2,441328008,'Heretics of Dune (Dune Chronicles #5)',3,201,'eng',45388,'1987-08-15','Ace Books',471,3.86,NULL),(73,NULL,1,618212906,'The Lord of the Rings: The Art of the Fellowship of the Ring',2,202,'eng',26153,'2002-06-12','Houghton Mifflin Harcourt',192,4.59,NULL),(74,NULL,2,345410050,'The Power of One (The Power of One  #1)',1,102,'eng',69167,'1996-09-29','Ballantine Books',544,4.35,NULL),(75,NULL,1,385732546,'The Power of One (The Power of One  #1)',3,203,'eng',45,'2005-09-13','Delacorte Books for Young Readers',291,4.35,NULL),(76,NULL,2,785260056,'The Power of One: One Person  One Rule  One Month',2,101,'en',16,'2004-11-01','Thomas Nelson',256,4.28,NULL),(77,NULL,1,471780936,'Power of an Hour: Business and Life Mastery in One Hour a Week',1,306,'eng',174,'2006-05-19','Wiley',205,3.34,NULL),(78,NULL,1,325001537,'The Power of One: The Solo Play for Playwrights  Actors  and Directors',3,207,'eng',10,'2000-02-07','Heinemann Drama',240,3.67,NULL),(79,NULL,2,60762870,'How to Buy  Sell & Profit on eBay: Kick-Start Your Home-Based Business in Just Thirty Days',0,208,'eng',76,'2005-05-03','William Morrow Paperbacks',336,3.48,NULL),(80,NULL,2,470045299,'eBay for Dummies',0,209,'eng',111,'2006-10-30','Wiley',386,3.5,NULL),(81,NULL,2,72262788,'What to Sell on ebay and Where to Get It: The Definitive Guide to Product Sourcing for eBay and Beyond',1,108,'eng',24,'2006-01-24','McGraw-Hill',260,3.62,NULL),(82,NULL,1,764569244,'Starting an eBay Business for Dummies',2,202,'eng',55,'2004-09-17','Wiley',384,3.55,NULL),(83,NULL,2,471933821,'eBay: Top 100 Simplified Tips & Tricks',2,305,'eng',9,'2006-06-06','Wiley',260,4.27,NULL),(84,NULL,1,764559915,'ebay Timesaving Techniques for Dummies',3,306,'en',22,'2004-05-31','Wiley',391,3.39,NULL),(85,NULL,1,764584383,'eBay Business All-in-One Desk Reference for Dummies',3,101,'en',17,'2005-04-25','Wiley',864,3.89,NULL),(86,NULL,1,596523696,'Ruby Cookbook',3,201,'eng',166,'2006-07-29','O\'Reilly Media',873,3.84,NULL),(87,NULL,1,806523492,'Ruby Ann\'s Down Home Trailer Park Cookbook',0,202,'eng',50,'2005-05-03','Citadel',240,4.12,NULL),(88,NULL,1,806525363,'Ruby Ann\'s Down Home Trailer Park BBQin\' Cookbook',0,102,'eng',13,'2005-05-03','Citadel',206,4.08,NULL),(89,NULL,3,596527314,'Rails Cookbook: Recipes for Rapid Web Development with Ruby',3,203,'eng',64,'2007-01-01','O\'Reilly Media',514,3.48,NULL),(90,NULL,1,143035002,'Anna Karenina',0,101,'eng',16643,'2004-05-31','Penguin Classics',838,4.05,NULL),(91,NULL,3,451528611,'Anna Karenina',2,306,'eng',109420,'2002-11-05','Signet',960,4.05,NULL),(92,NULL,3,140449175,'Anna Karenina',3,207,'eng',2904,'2003-01-30','Penguin Books',837,4.05,NULL),(93,NULL,3,822001837,'CliffsNotes on Tolstoy\'s Anna Karenina',0,208,'eng',16,'1965-11-26','Cliffs Notes',80,3.85,NULL),(94,NULL,1,1593080271,'Anna Karenina',0,209,'eng',9564,'2003-07-01','Barnes & Noble Classics',803,4.05,NULL),(95,NULL,2,486437965,'Anna Karenina',0,108,'eng',474,'2004-11-23','Dover Publications',752,4.05,NULL),(96,NULL,1,1593081774,'Anna Karenina',2,202,'eng',303,'2004-08-26','Barnes & Noble',803,4.05,NULL),(97,NULL,1,778322270,'Dinner with Anna Karenina',2,305,'eng',411,'2006-01-28','Mira Books',360,2.99,NULL),(98,NULL,3,521313252,'Tolstoy: Anna Karenina',1,306,'eng',1204,'1987-11-26','Cambridge University Press',128,4.19,NULL),(99,NULL,3,140183957,'Untouchable',2,101,'eng',3429,'1990-07-03','Penguin Books',160,3.71,NULL),(100,NULL,1,679767479,'The Untouchable',2,201,'eng',2163,'1998-06-30','Vintage',367,3.95,NULL),(101,NULL,2,1568491980,'The Untouchables',3,202,'eng',613,'1996-02-01','Buccaneer Books',256,3.89,NULL),(102,NULL,3,743270797,'Untouchables: My Family\'s Triumphant Journey Out of the Caste System in Modern India',3,102,'en',308,'2005-09-27','Scribner',320,3.82,NULL),(103,NULL,3,932863051,'Dalit: The Black Untaouchables of India',2,203,'eng',10,'1995-01-28','Clarity Press',100,4.2,NULL),(104,NULL,3,742508803,'Growing Up Untouchable in India: A Dalit Autobiography',2,101,'eng',16,'2000-12-20','Rowman & Littlefield Publishers',224,3.65,NULL),(105,NULL,2,205358624,'The Evidence-Based Social Work Skills Book',3,306,'eng',10,'2003-09-22','Pearson',216,3.4,NULL),(106,NULL,1,1557344035,'\"A Wrinkle in Time: A Guide for Using \"\"A Wrinkle in Time\"\" in the Classroom\"',0,207,'eng',17,'1991-09-28','Teacher Created Resources',48,4,NULL),(107,NULL,3,380720442,'Wrinkles in Time',3,208,'eng',1035,'1994-10-01','Harper Perennial',360,4.01,NULL),(108,NULL,1,821925326,'A Wrinkle in Time: With Related Readings (A Wrinkle in Time Quintet #1)',3,209,'eng',36,'2002-05-01','EMC/Paradigm Publishing',250,4,NULL),(109,NULL,2,439271690,'Literature Circle Guide: A Wrinkle in Time',1,108,'eng',15,'2002-01-01','Teaching Resources',32,3.6,NULL),(110,NULL,3,606105263,'Una arruga en el tiempo – A Wrinkle in Time',3,202,'spa',6,'1984-06-01','Turtleback Books',205,4,NULL),(111,NULL,3,751506435,'The Long Shadow (The Morland Dynasty  #6)',1,305,'eng',376,'1994-06-01','Little  Brown Book Group',367,4.12,NULL),(112,NULL,1,60786710,'A Long Shadow (Inspector Ian Rutledge  #8)',3,306,'eng',3086,'2006-01-03','William Morrow',352,4.11,NULL),(113,NULL,1,743499344,'Long Way Round: Chasing Shadows Across the World',0,101,'en',352,'2005-11-01','Atria Books',320,3.94,NULL),(114,NULL,2,765313405,'A Shadow in Summer (Long Price Quartet  #1)',1,201,'eng',9852,'2006-03-07','Tor Books',331,3.6,NULL),(115,NULL,2,1400032490,'New Hope for the Dead (Hoke Mosely #2)',3,202,'eng',821,'2004-08-10','Vintage Crime/Black Lizard',244,3.9,NULL),(116,NULL,1,1400032482,'Sideswipe: A Hoke Moseley Novel',3,102,'eng',731,'2005-03-08','Vintage Crime/Black Lizard',215,4.05,NULL),(117,NULL,2,1400032466,'Miami Blues (Hoke Moseley #1)',1,203,'eng',2897,'2004-08-10','Vintage Crime/Black Lizard',191,3.94,NULL),(118,NULL,2,679732527,'The Burnt Orange Heresy (Vintage Crime/Black Lizard)',0,101,'eng',98,'1990-10-03','Vintage',144,3.89,NULL),(119,NULL,2,312424442,'I am Charlotte Simmons',0,306,'eng',20888,'2005-08-30','Picador USA',738,3.42,NULL),(120,NULL,3,806930772,'Poetry for Young People: Edward Lear',0,207,'eng',66,'2001-10-01','Sterling',48,3.91,NULL),(121,NULL,3,140366601,'The Puffin Book of Nonsense Verse',1,208,'eng',81,'1996-10-03','Puffin',287,4.02,NULL),(122,NULL,2,811201120,'Henry Miller on Writing',1,209,'eng',981,'1964-02-01','New Directions Publishing',217,4.22,NULL),(123,NULL,2,802130160,'Quiet Days in Clichy',3,108,'eng',3381,'1994-01-13','Grove Press',154,3.69,NULL),(124,NULL,2,802131786,'Tropic of Cancer',3,202,'eng',53206,'1994-01-06','Grove Press',318,3.68,NULL),(125,NULL,1,802151825,'Tropic of Capricorn',2,305,'eng',14872,'1994-01-13','Grove Press',348,3.78,NULL),(126,NULL,1,802151787,'Nexus (The Rosy Crucifixion  #3)',2,306,'eng',3261,'1994-01-13','Grove Press',316,4.1,NULL),(127,NULL,1,802151809,'Sexus (The Rosy Crucifixion  #1)',2,101,'eng',7805,'1994-01-12','Grove Press',506,3.98,NULL),(128,NULL,1,811201066,'The Air-Conditioned Nightmare',1,201,'eng',2699,'1970-01-17','New Directions',292,3.83,NULL),(129,NULL,2,141439637,'The Portrait of a Lady',3,202,'eng',61640,'2003-09-30','Penguin Classics',797,3.78,NULL),(130,NULL,3,1593080964,'The Portrait of a Lady',0,102,'eng',392,'2004-01-16','Barnes  Noble Classics',635,3.78,NULL),(131,NULL,1,1571290532,'Writing',2,203,'eng',778,'1999-05-06','Brookline Books',91,3.75,NULL),(132,NULL,2,1565842219,'The War',1,101,'eng',963,'1994-08-01','The New Press',192,3.85,NULL),(133,NULL,3,394743040,'The Ravishing of Lol Stein',2,306,'en',2057,'1986-03-12','Pantheon',181,3.66,NULL),(134,NULL,2,1851681825,'Love Letters',2,207,'eng',203,'1999-07-01','One World (UK)',178,3.68,NULL),(135,NULL,2,1566562490,'Kahlil Gibran: His Life and World',0,208,'eng',35,'1998-04-01','Interlink Publishing Group',464,4.21,NULL),(136,NULL,3,140195530,'The Beloved: Reflections on the Path of the Heart',2,209,'eng',328,'1998-01-01','Penguin Books',102,4.19,NULL),(137,392678,3,394431243,'Jesus the Son of Man',3,108,'eng',1308,'1995-02-21','Knopf',216,3.98,5),(138,880704,3,806501901,'The Broken Wings',3,202,'eng',6432,'2003-03-03','Citadel',132,3.92,10),(139,186102,1,679439200,'Sand and Foam',3,305,'eng',3015,'2011-06-14','Knopf',100,4.08,39),(140,350367,1,753453800,'Treasure Island',3,306,'eng',318753,'2001-09-15','Kingfisher',311,3.83,24),(141,893976,2,1402714572,'Treasure Island',1,101,'en',420,'2004-10-01','Sterling Children\'s Books',213,3.83,1),(142,542826,1,1416500294,'Treasure Island',3,201,'eng',5967,'2005-06-01','Simon & Schuster',245,3.83,0),(143,590579,1,689854684,'Treasure Island',1,202,'eng',104,'2003-07-01','Atheneum Books for Young Readers',64,3.83,13),(144,297741,1,517221144,'Treasure Island',3,102,'en',56,'2002-09-03','Gramercy Books',272,3.83,39),(145,458320,2,1577658051,'Treasure Island (Great Illustrated Classics)',3,203,'eng',91,'2006-01-31','Abdo Publishing Company',232,4.05,7),(146,297059,3,933121180,'100 Years of Lynchings',2,101,'eng',88,'1996-11-22','Black Classic Press',270,4.61,5),(147,874971,2,785950109,'Cien anos de soledad',2,306,'spa',63,'1990-01-01','French & European',448,4.07,4),(148,136626,1,394800842,'On Beyond Zebra!',2,207,'eng',2815,'1955-09-12','Random House Books for Young Readers',64,4.04,10),(149,865495,2,821778250,'The Wedding Clause',3,208,'eng',95,'2005-06-07','Zebra',256,3.6,13),(150,415161,3,60733039,'The Zebra Wall',0,209,'eng',217,'2005-02-15','Greenwillow Books',147,3.44,4),(151,279563,2,8432216062,'El perfume: Historia de un asesino',0,108,'spa',4136,'2002-06-01','Booket',239,4.02,3),(152,201710,1,345413997,'The Door Into Summer',0,202,'eng',17232,'1997-06-17','Del Rey',304,4.01,12),(153,722543,3,441788386,'Stranger in a Strange Land',0,305,'eng',251872,'1991-10-01','Ace',528,3.92,6),(154,909337,2,441748600,'To Sail Beyond the Sunset',0,306,'en',10293,'1988-06-01','Ace Books',434,3.87,36),(155,601071,3,345316509,'Job: A Comedy of Justice',2,101,'en',15970,'1985-10-12','Del Rey',439,3.78,18),(156,269523,1,765314932,'Time for the Stars (Heinlein\'s Juveniles  #10)',3,201,'eng',6898,'2006-08-08','Tor Books',256,3.97,6),(157,310986,3,671742515,'The Long Dark Tea-Time of the Soul (Dirk Gently  #2)',1,202,'en',67803,'1991-02-15','Pocket Books',307,4.06,40),(158,323914,2,345455290,'The Salmon of Doubt (Dirk Gently  #3)',0,102,'eng',22091,'2005-04-26','Del Rey',298,3.93,10),(159,928739,3,345476514,'Wish You Were Here: The Official Biography of Douglas Adams',2,203,'eng',2623,'2005-12-27','Del Rey',368,4.14,10),(160,238992,2,345368436,'Douglas Adams\'s Starship Titanic',3,101,'eng',885,'1998-10-27','Ballantine Books',256,3.6,36),(161,434046,3,1417622857,'Salmon of Doubt: Hitchhiking the Galaxy One Last Time',3,306,'eng',5,'2003-07-01','Turtleback Books',336,3.93,15),(162,971444,1,573650969,'The Phantom Tollbooth: A Children\'s Play in Two Acts',3,207,'eng',100,'2011-01-12','Samuel French  Inc.',72,4.13,40),(163,602683,2,691122946,'On Bullshit',2,208,'eng',9358,'2005-01-30','Princeton University Press',67,3.57,26),(164,145327,1,393329402,'Another Bullshit Night in Suck City',1,209,'eng',9318,'2005-09-12','W. W. Norton & Company',347,3.78,19),(165,597202,3,671867423,'Lincoln at Gettysburg: The Words That Remade America',0,108,'en',120,'1993-06-12','Simon & Schuster',317,4.14,25),(166,168824,3,395883970,'The Gettysburg Address',1,202,'eng',5239,'1998-02-02','HMH Books for Young Readers',32,4.53,35),(167,616665,3,684848155,'Underworld',3,305,'eng',1505,'1998-07-09','Scribner',827,3.92,15),(168,NULL,1,140156046,'Libra',3,306,'eng',11857,'1991-05-01','Penguin',480,3.99,NULL),(169,NULL,2,140119485,'Americana',2,101,'eng',393,'1989-07-06','Penguin Books',377,3.43,NULL),(170,NULL,1,679722947,'Running Dog',1,201,'eng',1356,'1989-07-17','Vintage Contemporaries',256,3.43,NULL),(171,NULL,3,743244257,'Cosmopolis',0,202,'eng',460,'2004-04-06','Scribner',224,3.22,NULL),(172,NULL,1,140179178,'Great Jones Street',2,102,'eng',2492,'1994-01-01','Penguin Books',272,3.48,NULL),(173,NULL,3,679722955,'The Names',0,203,'eng',3100,'1989-07-17','Vintage',339,3.64,NULL),(174,NULL,2,1594201200,'Against the Day',2,101,'eng',5296,'2006-11-21','Penguin Press',1085,4.13,NULL),(175,NULL,1,60930217,'V.',1,306,'eng',1415,'2005-07-05','Harper Perennial Modern Classics',547,3.96,NULL),(176,NULL,3,60931671,'The Crying of Lot 49',2,207,'eng',2161,'1999-04-01','Harper Perennial',152,3.69,NULL),(177,NULL,1,140283382,'Gravity\'s Rainbow',1,208,'eng',762,'2000-01-01','Penguin Books',784,4.01,NULL),(178,NULL,2,312423209,'Mason & Dixon',3,209,'eng',8086,'2004-01-03','Picador USA',773,4.07,NULL),(179,NULL,3,141180633,'Vineland',2,108,'en',702,'1997-09-01','Penguin Classics',385,3.69,NULL),(180,NULL,2,143039946,'Gravity\'s Rainbow',2,202,'eng',29764,'2006-10-31','Penguin Books',776,4.01,NULL),(181,NULL,2,316724432,'Slow Learner: Early Stories',1,305,'eng',334,'1985-04-30','Back Bay Books',193,3.5,NULL),(182,NULL,3,140189300,'Been Down So Long It Looks Like Up To Me',2,306,'eng',2473,'1996-08-29','Penguin Classics',352,3.8,NULL),(183,NULL,3,1400043140,'The Year of Magical Thinking',3,101,'en',2656,'2005-10-04','Knopf Publishing Group',227,3.89,NULL),(184,NULL,1,374522219,'The White Album',1,201,'eng',11889,'1990-10-01','Farrar Straus Giroux',222,4.17,NULL),(185,NULL,2,679754865,'A Book of Common Prayer',0,202,'eng',2962,'1995-04-11','Vintage International',272,3.8,NULL),(186,NULL,2,679752862,'Where I Was From',3,102,'eng',2842,'2004-09-14','Vintage',240,3.86,NULL),(187,144114,2,374521727,'Slouching Towards Bethlehem',1,203,'eng',26934,'1990-10-01','Farrar Straus Giroux',238,4.21,5),(188,262843,1,679754857,'Democracy',2,101,'en',2070,'1995-04-25','Vintage International',234,3.81,9),(189,963676,3,307264874,'We Tell Ourselves Stories in Order to Live: Collected Nonfiction',1,306,'eng',1564,'2006-10-17','Everyman\'s Library',1122,4.5,19),(190,745672,3,374529949,'Play It As It Lays',1,207,'eng',23656,'2005-11-15','Farrar  Straus and Giroux',231,3.87,1),(191,135089,2,143039830,'The New York Trilogy',2,208,'eng',43200,'2006-03-28','Penguin Classics',308,3.89,34),(192,593953,2,140097317,'City of Glass (The New York Trilogy  #1)',1,209,'eng',12410,'1987-04-07','Penguin Books',203,3.79,34),(193,169348,3,140097350,'Ghosts (The New York Trilogy  #2)',1,108,'eng',3672,'1987-07-07','Penguin Books',96,3.64,22),(194,976096,3,940650762,'The Locked Room (The New York Trilogy  #3)',1,202,'eng',2998,'1986-11-01','Sun and Moon Press',179,3.89,8),(195,790389,3,963188925,'Pyramids of Montauk: Explorations in Consciousness',1,305,'eng',74,'1995-01-01','Sky Books (NY)',256,3.89,25),(196,143898,1,312426232,'The Brooklyn Follies',1,306,'eng',17977,'2006-10-17','Picador',306,3.84,21),(197,749765,2,140115854,'Moon Palace',1,101,'eng',16099,'1990-04-01','Penguin Books',320,3.94,24),(198,877422,1,140154078,'The Music of Chance',2,201,'en',361,'1991-12-01','Penguin Books',217,3.9,14),(199,825343,3,805081453,'Travels in the Scriptorium',1,202,'eng',6688,'2007-01-23','Henry Holt & Company',145,3.23,3),(200,155570,2,140178139,'Leviathan',1,102,'eng',11744,'1993-09-01','Penguin Books',275,3.96,15),(201,587361,3,811214982,'The Red Notebook: True Stories',1,203,'eng',2390,'2002-06-17','New Directions',104,3.77,25),(202,191240,3,2742741461,'Timbuktu / Leviathan / Moon Palace',0,101,'fre',21,'2002-11-07','Actes Sud',1075,4.38,32),(203,404070,2,143036556,'Collapse: How Societies Choose to Fail or Succeed',1,306,'eng',52522,'2005-12-27','Penguin Books Ltd. (London)',608,3.93,11),(204,192175,3,446579785,'The Coming Economic Collapse: How You Can Thrive When Oil Costs $200 a Barrel',1,207,'en',213,'2006-02-01','Business Plus',211,3.4,16),(205,825853,1,521386730,'Collapse of Complex Societies',2,208,'eng',719,'1990-03-29','Cambridge University Press',262,4.15,29),(206,430843,2,743203046,'Bowling Alone: The Collapse and Revival of American Community',0,209,'eng',4762,'2001-08-07','Simon  Schuster',544,3.8,22),(207,597805,2,345438710,'The Collapse of the Common Good: How America\'s Lawsuit Culture Undermines Our Freedom',2,108,'eng',62,'2002-01-29','Ballantine Books',272,3.91,16),(208,651120,1,393318281,'Reinventing the Enemy\'s Language: Contemporary Native Women\'s Writings of North America',2,202,'eng',278,'1998-09-17','W. W. Norton  Company',576,4.39,36),(209,995242,1,1599869942,'My Inventions',0,305,'eng',2862,'2006-05-17','Filiquarian Publishing  LLC.',88,4.01,28),(210,839558,1,806519606,'Wizard: The Life and Times of Nikola Tesla: Biography of a Genius',0,306,'eng',2829,'2001-02-01','Citadel',542,3.78,12),(211,398788,2,822549204,'Nikola Tesla: A Spark of Genius',0,101,'eng',105,'1994-10-01','Lerner Publications',144,3.93,7),(212,166790,2,932813860,'Tesla Papers',0,201,'eng',102,'2000-12-01','Adventures Unlimited Press',100,4.13,5),(213,581261,3,373792689,'Boys of Summer',1,202,'eng',478,'2006-06-27','Harlequin Blaze',249,3.77,21),(214,793523,3,974514055,'Programming Ruby: The Pragmatic Programmers\' Guide',3,102,'en',1577,'2004-10-11','Pragmatic Bookshelf',828,4.03,1),(215,178602,3,764585975,'Golding\'s Lord of the Flies (Cliffs Notes)',3,203,'eng',73,'2000-06-13','Cliffs Notes',112,3.95,39),(216,346662,3,307281701,'Lord of the Flies',3,101,'eng',408,'2005-10-11','Listening Library (Audio)',6,3.68,35),(217,817037,1,812969707,'A War Like No Other: How the Athenians & Spartans Fought the Peloponnesian War',2,306,'eng',1693,'2006-09-12','Random House',397,4.11,28),(218,648913,2,60255080,'We Were Not Like Other People',2,207,'eng',1,'1989-01-01','HarperCollins Publishers',216,4.14,34),(219,924281,1,330485385,'The Lovely Bones',3,208,'en',6485,'2003-06-01','Picador',328,3.81,12),(220,951857,2,1594130230,'The Lovely Bones',1,209,'en',367,'2004-04-01','Large Print Press',532,3.81,40),(221,474759,2,345360354,'Lovely in Her Bones (Elizabeth MacPherson  #2)',1,108,'eng',1371,'1990-05-13','Ballantine Books',224,3.8,5),(222,144715,3,321303474,'The Zen of CSS Design: Visual Enlightenment for the Web',2,202,'en',793,'2005-02-17','Peachpit Press',296,3.98,23),(223,141086,2,321430840,'HTML  XHTML  and CSS (Visual Quickstart Guide)',3,305,'en',549,'2006-08-01','Peachpit Press',456,3.8,6),(224,633255,1,3822840858,'1000 Record Covers',3,306,'mul',288,'2005-05-15','Taschen',575,3.85,22),(225,NULL,3,743264460,'Killing Yourself to Live: 85% of a True Story',0,101,'eng',26381,'2006-06-13','Scribner',245,3.81,NULL),(226,NULL,2,743236017,'Sex  Drugs  and Cocoa Puffs: A Low Culture Manifesto',3,201,'eng',62089,'2004-07-02','Scribner',272,3.73,NULL),(227,NULL,2,553572490,'Vice (V  #8)',1,202,'eng',474,'1996-05-02','Bantam',419,3.51,NULL),(228,NULL,1,60589469,'Zen and the Art of Motorcycle Maintenance: An Inquiry Into Values (Phaedrus  #1)',3,102,'eng',166046,'2006-04-25','HarperTorch',540,3.77,NULL),(229,NULL,3,802789471,'Once Upon a Cool Motorcycle Dude',0,203,'eng',1773,'2005-04-01','Walker & Company',32,4.08,NULL),(230,NULL,3,688060692,'Guidebook to Zen and the Art of Motorcycle Maintenance',3,101,'en',286,'1990-11-19','William Morrow Paperbacks',408,3.72,NULL),(231,NULL,3,1859605150,'Motorcycle Basics Techbook',1,306,'eng',40,'2002-07-05','Haynes Manuals N. America  Inc.',222,3.85,NULL),(232,NULL,2,1592530877,'LOGO Lounge: 2 000 International Identities by Leading Designers',3,207,'eng',27,'2004-09-01','Rockport Publishers',191,3.93,NULL),(233,NULL,1,451528808,'The Death of Ivan Ilych And Other Stories',0,208,'eng',7300,'2003-04-01','Signet Classics',304,4.11,NULL),(234,NULL,2,192833987,'War and Peace',2,209,'eng',211671,'1998-06-25','Oxford University Press',1392,4.11,NULL),(235,NULL,2,486451380,'The Kingdom of God Is Within You',1,108,'eng',2403,'2006-09-08','Dover Publications',352,4.13,NULL),(236,NULL,3,452011876,'Atlas Shrugged',3,202,'eng',322483,'1999-08-01','Plume',1168,3.69,NULL),(237,NULL,1,451163087,'For the New Intellectual: The Philosophy of Ayn Rand',1,305,'eng',2750,'1963-12-01','Signet Book',224,3.68,NULL),(238,NULL,3,452286751,'The Fountainhead',3,306,'en',1886,'2005-04-26','Dutton',752,3.87,NULL),(239,NULL,2,451163931,'The Virtue of Selfishness: A New Concept of Egoism',1,101,'eng',11462,'1964-11-01','Signet',176,3.51,NULL),(240,NULL,2,452281253,'Anthem',3,201,'eng',110952,'1999-12-01','NAL',105,3.63,NULL),(241,NULL,3,451187849,'We the Living',0,202,'eng',23199,'1996-01-01','Signet',464,3.91,NULL),(242,NULL,1,451147952,'Capitalism: The Unknown Ideal',0,102,'eng',3501,'1986-07-15','Signet',340,3.88,NULL),(243,NULL,3,452274044,'Letters of Ayn Rand',0,203,'eng',18,'1997-02-01','NAL',681,3.96,NULL),(244,NULL,1,471791431,'Sailing for Dummies',3,101,'eng',150,'2006-06-01','For Dummies',416,3.95,NULL),(245,NULL,2,553803816,'Sailing from Byzantium: How a Lost Empire Shaped the World',2,306,'eng',646,'2006-07-25','Delacorte Press',368,3.88,NULL),(246,NULL,2,375755195,'Sailing Alone Around the Room: New and Selected Poems',2,207,'eng',12180,'2002-09-17','Random House Trade Paperbacks',192,4.23,NULL),(247,NULL,3,1592283195,'The Greatest Sailing Stories Ever Told: Twenty-Seven Unforgettable Stories',0,208,'eng',51,'2004-04-01','Lyons Press',286,3.62,NULL),(248,NULL,3,975599518,'\"Natural Cures \"\"They\"\" Don\'t Want You to Know about\"',0,209,'en',1601,'2004-01-01','Alliance Publishing',571,3.09,NULL),(249,NULL,1,374502005,'The Natural',0,108,'eng',8854,'2003-07-07','Farrar Straus Giroux',231,3.63,NULL),(250,NULL,2,307263940,'Digging to America',1,202,'eng',17155,'2006-05-02','Alfred A. Knopf',277,3.55,NULL),(251,NULL,1,312405545,'Rereading America: Cultural Contexts for Critical Thinking and Writing',3,305,'eng',44,'2004-01-21','Bedford Books',826,3.77,NULL),(252,NULL,1,195170130,'Modern Latin America',1,306,'en',234,'2004-10-07','Oxford University Press  USA',528,3.59,NULL),(253,NULL,1,1400079497,'The Plot Against America',0,101,'eng',33321,'2005-09-27','Vintage International',391,3.77,NULL),(254,NULL,1,688171621,'Naked Pictures of Famous People',3,201,'en',8703,'1999-09-22','Dey Street Books',164,3.59,NULL),(255,NULL,2,60932686,'Collected Stories',3,202,'eng',6375,'2008-05-13','Harper Perennial Modern Classics',352,4.19,NULL),(256,NULL,3,1400034957,'Cronica de una muerte anunciada',3,102,'spa',7888,'2003-10-14','Vintage Espanol',118,3.97,NULL),(257,NULL,3,307350428,'Cien anos de soledad',3,203,'spa',130,'2006-02-07','Plaza y Janes',496,4.07,NULL),(258,NULL,2,307350444,'Del amor y otros demonios',0,101,'spa',4508,'2006-02-07','Plaza y Janes',176,3.98,NULL),(259,NULL,2,1400034540,'Living to Tell the Tale',3,306,'eng',397,'2004-10-12','Vintage',533,3.99,NULL),(260,NULL,2,1400095808,'Memoria de mis putas tristes',0,207,'spa',5856,'2004-10-19','Vintage Espanol',112,3.6,NULL),(261,NULL,1,375708111,'The Elegant Universe: Superstrings  Hidden Dimensions  and the Quest for the Ultimate Theory',0,208,'eng',32569,'2004-09-02','Vintage Books USA',425,4.07,NULL),(262,NULL,3,861714920,'Pure and Simple: The Extraordinary Teachings of a Thai Buddhist Laywoman',1,209,'eng',37,'2005-05-15','Wisdom Publications',288,4.29,NULL),(263,NULL,2,1843535840,'The Mini Rough Guide to London',1,108,'eng',1,'2006-04-01','Rough Guides',363,3.75,NULL),(264,NULL,2,1740594770,'Best of London (Lonely Planet Best Of)',0,202,'eng',11,'2004-09-01','Lonely Planet',128,3.83,NULL),(265,NULL,2,8408064762,'Lonely Planet Londres',3,305,'spa',0,'2006-05-01','Geoplaneta',480,4.03,NULL),(266,NULL,3,1740592050,'Out to Eat London 2002 (Lonely Planet Out to Eat)',3,306,'eng',0,'2001-09-01','Lonely Planet',295,0,NULL),(267,NULL,1,618710531,'Three Nights in August: Strategy  Heartbreak  and Joy Inside the Mind of a Manager',3,101,'eng',6870,'2006-04-04','Mariner Books',287,3.88,NULL),(268,NULL,1,60512806,'Cryptonomicon',1,201,'eng',83184,'2002-11-01','Avon',1139,4.25,NULL),(269,NULL,1,2228894168,'Le Reseau Kinakuta (Cryptonomicon  #2)',3,202,'fre',5,'2001-03-31','Payot',418,4.1,NULL),(270,NULL,2,60733357,'The Confusion (The Baroque Cycle  #2)',1,102,'en',19320,'2005-06-14','William Morrow Paperbacks',815,4.26,NULL),(271,NULL,3,60593083,'Quicksilver (The Baroque Cycle  #1)',1,203,'eng',30872,'2004-09-21','HarperCollins Perennial',927,3.93,NULL),(272,NULL,1,553383442,'The Cobweb',1,101,'eng',2465,'2005-05-31','Spectra Books',448,3.61,NULL),(273,NULL,2,380816032,'The Big U',0,306,'en',4657,'2001-02-06','William Morrow Paperbacks',308,3.25,NULL),(274,NULL,3,553380966,'The Diamond Age: Or  A Young Lady\'s Illustrated Primer',2,207,'eng',71042,'2000-05-02','Spectra',499,4.19,NULL),(275,NULL,2,553383434,'Interface',3,208,'eng',4731,'2005-05-31','Spectra',640,3.68,NULL),(276,NULL,3,60833181,'Odalisque (The Baroque Cycle  Vol. 1  Book 3)',3,209,'en',1567,'2006-03-28','HarperTorch',464,4.2,NULL),(277,NULL,3,553380958,'Snow Crash',0,108,'eng',188100,'2000-08-02','Bantam Books',438,4.03,NULL),(278,NULL,2,1880685353,'Harrington on Hold \'em: Expert Strategy for No-Limit Tournaments  Volume II: The Endgame',2,202,'eng',1474,'2005-06-01','Two Plus Two Publishing LLC',450,4.16,NULL),(279,NULL,1,1880685337,'Harrington on Hold \'em: Expert Strategy for No-Limit Tournaments  Volume I: Strategic Play',0,305,'eng',1929,'2004-12-01','Two Plus Two Publishing LLC',381,4.24,NULL),(280,NULL,2,465067107,'The Design of Everyday Things',3,306,'eng',18602,'2002-09-19','Basic Books',240,4.17,NULL),(281,NULL,1,439785960,'Harry Potter and the Half-Blood Prince (Harry Potter  #6)',2,101,'eng',2095690,'2006-09-16','Scholastic Inc.',652,4.57,NULL),(282,NULL,3,439358078,'Harry Potter and the Order of the Phoenix (Harry Potter  #5)',2,201,'eng',2153167,'2004-09-01','Scholastic Inc.',870,4.49,NULL),(283,144114,1,439554896,'Harry Potter and the Chamber of Secrets (Harry Potter  #2)',1,202,'eng',6333,'2003-11-01','Scholastic',352,4.42,39),(284,262843,3,439655480,'Harry Potter and the Prisoner of Azkaban (Harry Potter  #3)',2,102,'eng',2339585,'2004-05-01','Scholastic Inc.',435,4.56,18),(285,963676,1,439682584,'Harry Potter Boxed Set  Books 1-5 (Harry Potter  #1-5)',1,203,'eng',41428,'2004-09-13','Scholastic',2690,4.78,38),(286,745672,1,976540606,'\"Unauthorized Harry Potter Book Seven News: \"\"Half-Blood Prince\"\" Analysis and Speculation\"',1,101,'en',19,'2005-04-26','Nimble Books',152,3.74,38),(287,135089,1,439827604,'Harry Potter Collection (Harry Potter  #1-6)',2,306,'eng',28242,'2005-09-12','Scholastic',3342,4.73,9),(288,593953,3,517226952,'The Ultimate Hitchhiker\'s Guide: Five Complete Novels and One Story (Hitchhiker\'s Guide to the Galaxy  #1-5)',0,207,'eng',3628,'2005-11-01','Gramercy Books',815,4.38,39),(289,169348,1,345453743,'The Ultimate Hitchhiker\'s Guide to the Galaxy (Hitchhiker\'s Guide to the Galaxy  #1-5)',0,208,'eng',249558,'2002-04-30','Del Rey Books',815,4.38,20),(290,976096,1,1400052920,'The Hitchhiker\'s Guide to the Galaxy (Hitchhiker\'s Guide to the Galaxy  #1)',1,209,'eng',4930,'2004-08-03','Crown',215,4.22,19),(291,790389,1,739322206,'The Hitchhiker\'s Guide to the Galaxy (Hitchhiker\'s Guide to the Galaxy  #1)',2,108,'eng',1266,'2005-03-23','Random House Audio',6,4.22,5),(292,143898,3,517149257,'The Ultimate Hitchhiker\'s Guide (Hitchhiker\'s Guide to the Galaxy  #1-5)',3,202,'eng',2877,'1996-01-17','Wings Books',815,4.38,26),(293,749765,3,767908180,'A Short History of Nearly Everything',2,305,'eng',248558,'2004-09-14','Broadway Books',544,4.21,23),(294,877422,2,767915062,'Bill Bryson\'s African Diary',1,306,'eng',7270,'2002-12-03','Broadway Books',55,3.44,17),(295,825343,2,767910435,'Bryson\'s Dictionary of Troublesome Words: A Writer\'s Guide to Getting It Right',3,101,'eng',2088,'2004-09-14','Broadway Books',256,3.87,12),(296,155570,2,767903862,'In a Sunburned Country',1,201,'eng',72451,'2001-05-15','Broadway Books',335,4.07,2),(297,587361,1,767903820,'I\'m a Stranger Here Myself: Notes on Returning to America After Twenty Years Away',1,202,'eng',49240,'2000-06-28','Broadway Books',304,3.9,6),(298,191240,3,60920084,'The Lost Continent: Travels in Small Town America',3,102,'eng',45712,'1990-08-28','William Morrow Paperbacks',299,3.83,9),(299,404070,2,380713802,'Neither Here nor There: Travels in Europe',0,203,'eng',48701,'1993-03-28','William Morrow Paperbacks',254,3.86,22),(300,192175,2,380727501,'Notes from a Small Island',0,101,'eng',80609,'1997-05-28','William Morrow Paperbacks',324,3.91,40),(301,825853,3,380715430,'The Mother Tongue: English and How It Got That Way',3,306,'eng',28489,'1991-09-28','William Morrow Paperbacks',270,3.93,22),(302,430843,3,345538374,'J.R.R. Tolkien 4-Book Boxed Set: The Hobbit and The Lord of the Rings',1,207,'eng',101233,'2012-09-25','Ballantine Books',1728,4.59,18),(303,597805,2,618517650,'The Lord of the Rings (The Lord of the Rings  #1-3)',2,208,'eng',1710,'2004-10-21','Houghton Mifflin Harcourt',1184,4.5,12),(304,651120,3,618346252,'The Fellowship of the Ring (The Lord of the Rings  #1)',0,209,'eng',2128944,'2003-09-05','Houghton Mifflin Harcourt',398,4.36,2),(305,995242,3,618260587,'The Lord of the Rings (The Lord of the Rings  #1-3)',2,108,'en',1618,'2002-10-01','Houghton Mifflin Harcourt',1216,4.5,20),(306,839558,3,618391002,'The Lord of the Rings: Weapons and Warfare',0,202,'eng',19822,'2003-11-05','Houghton Mifflin Harcourt',218,4.53,29),(307,398788,1,618510826,'The Lord of the Rings: Complete Visual Companion',0,305,'eng',359,'2004-11-15','Houghton Mifflin Harcourt',224,4.5,39),(308,166790,2,976694000,'Agile Web Development with Rails: A Pragmatic Guide',1,306,'eng',1430,'2005-07-28','Pragmatic Bookshelf',558,3.84,17),(309,581261,1,689840926,'Hatchet (Brian\'s Saga  #1)',0,101,'eng',270244,'2000-04-01','Atheneum Books for Young Readers: Richard Jackson Books',208,3.72,32),(310,793523,1,1557344493,'\"Hatchet: A Guide for Using \"\"Hatchet\"\" in the Classroom\"',3,201,'eng',36,'1994-08-28','Teacher Created Resources',48,4,40),(311,178602,2,385326505,'Guts: The True Stories behind Hatchet and the Brian Books',1,202,'eng',2067,'2001-01-23','Delacorte Press',144,3.88,28),(312,346662,3,1575606240,'Molly Hatchet - 5 of the Best',0,102,'eng',6,'2003-06-10','Cherry Lane Music Company',56,4.33,38),(313,817037,3,1595580271,'Hatchet Jobs: Writings on Contemporary Fiction',2,203,'en',99,'2005-11-01','The New Press',228,3.45,13),(314,648913,1,1595962808,'A Changeling for All Seasons (Changeling Seasons #1)',3,101,'eng',167,'2005-11-01','Changeling Press',304,3.76,5),(315,924281,3,670059676,'Changeling (Changeling  #1)',0,306,'eng',978,'2006-08-17','Viking Juvenile',256,3.6,39),(316,951857,1,141312629,'The Changeling Sea',0,207,'eng',4454,'2003-04-14','Firebird',137,4.06,17),(317,474759,1,595321801,'The Changeling',2,208,'eng',1176,'2004-06-08','iUniverse',228,4.17,24),(318,144715,1,1590301943,'The Changeling',3,209,'eng',301,'2005-04-12','Shambhala',339,3.55,21),(319,141086,2,449146979,'The Changeling (Daughters of England  #15)',1,108,'eng',345,'1990-08-28','Ivy Books',369,3.98,16),(320,633255,2,61159174,'The Known World',3,202,'eng',29686,'2006-08-29','Amistad',388,3.83,30),(321,NULL,1,60762730,'The Known World',1,305,'en',55,'2004-06-15','HarperAudio',14,3.83,NULL),(322,NULL,2,60749911,'The Known World',1,306,'eng',22,'2004-06-15','Harper',576,3.83,NULL),(323,NULL,3,273704745,'Traders  Guns & Money: Knowns and Unknowns in the Dazzling World of Derivatives',1,101,'eng',1456,'2006-05-15','FT Press',334,3.83,NULL),(324,NULL,3,1932386106,'Artesia: Adventures in the Known World',2,201,'eng',52,'2005-12-14','Archaia',352,4.13,NULL),(325,NULL,3,374517193,'The John McPhee Reader (John McPhee Reader  #1)',1,202,'eng',562,'1982-06-01','Farrar  Straus and Giroux',416,4.42,NULL),(326,NULL,3,374280398,'Uncommon Carriers',1,102,'en',1630,'2006-05-16','Farrar Straus Giroux',248,3.95,NULL),(327,NULL,3,374519749,'Heirs of General Practice',0,203,'eng',268,'1986-04-01','Farrar  Straus and Giroux',128,4.17,NULL),(328,NULL,2,374522596,'The Control of Nature',0,101,'en',3498,'1990-09-01','Farrar  Straus and Giroux',288,4.24,NULL),(329,NULL,3,374518734,'Annals of the Former World',1,306,'eng',3115,'1999-01-06','Farrar  Straus and Giroux',720,4.34,NULL),(330,NULL,1,374522871,'Coming Into the Country',1,207,'eng',5704,'1991-04-01','Farrar  Straus and Giroux',448,4.22,NULL),(331,NULL,2,374519323,'La Place de la Concorde Suisse',2,208,'fre',698,'1994-04-01','Farrar  Straus and Giroux',160,3.92,NULL),(332,NULL,2,374516006,'Giving Good Weight',3,209,'eng',542,'1994-04-01','Farrar  Straus and Giroux',288,4.23,NULL),(333,NULL,2,374520658,'Rising from the Plains',0,108,'eng',1341,'1987-11-01','Farrar  Straus and Giroux',208,4.23,NULL),(334,NULL,3,822205106,'The Heidi Chronicles',3,202,'eng',1423,'2002-03-01','Dramatists Play Service',81,3.75,NULL),(335,144114,3,679734996,'The Heidi Chronicles: Uncommon Women and Others & Isn\'t It Romantic',2,305,'eng',2766,'1991-07-02','Vintage',249,3.84,31),(336,262843,3,1596670231,'Active Literacy Across the Curriculum: Strategies for Reading  Writing  Speaking  and Listening',3,306,'eng',31,'2006-03-29','Routledge',138,3.94,18),(337,963676,2,1581807740,'Simply Beautiful Beaded Jewelry',2,101,'en',62,'2006-03-14','North Light Books',128,3.77,12),(338,745672,2,800793617,'Always Enough: God\'s Miraculous Provision Among the Poorest Children on Earth',0,201,'eng',860,'2003-09-01','Chosen Books',192,4.46,4),(339,135089,3,871202867,'Mapping the Big Picture: Integrating Curriculum & Assessment K-12',3,202,'en',77,'1997-01-28','Association for Supervision & Curriculum Development',108,3.68,15),(340,593953,3,753454947,'Heidi (Heidi  #1-2)',3,102,'eng',153317,'2002-11-15','Kingfisher',352,3.99,3),(341,169348,1,871209993,'Getting Results with Curriculum Mapping',2,203,'eng',55,'2004-11-15','ASCD',192,3.25,40),(342,976096,1,1852402873,'There\'s Always Enough: The Miraculous Move of God in Mozambique',2,101,'eng',34,'2003-04-28','Sovereign World',192,4.46,40),(343,790389,2,761129588,'What to Expect the First Year (What to Expect)',2,306,'eng',11797,'2003-10-16','Workman Publishing Company',832,3.89,40),(344,143898,2,972016414,'The Player\'s Handbook: The Ultimate Guide on Dating and Relationships',2,207,'eng',34,'2004-05-10','One Hour Entertainment',123,3.82,24),(345,749765,2,1581805632,'Simply Beautiful Beading: 53 Quick and Easy Projects',1,208,'en',78,'2004-08-19','North Light Books',128,3.78,7),(346,877422,2,441294677,'God Emperor of Dune (Dune Chronicles  #4)',1,209,'eng',2785,'1987-06-15','Ace Books',423,3.84,7),(347,825343,1,441102670,'Chapterhouse: Dune (Dune Chronicles #6)',2,108,'eng',38778,'1987-07-01','Ace Books',436,3.91,14),(348,155570,2,441172695,'Dune Messiah (Dune Chronicles #2)',3,202,'eng',97494,'1987-07-15','Ace Books',331,3.88,13),(349,587361,3,765306476,'Dreamer of Dune: The Biography of Frank Herbert',3,305,'en',784,'2004-07-01','Tor Books',592,4.01,18),(350,191240,1,399128980,'Heretics of Dune (Dune Chronicles  #5)',2,306,'eng',272,'1984-04-16','Putnam',480,3.86,4),(351,404070,3,765353709,'The Road to Dune',0,101,'eng',4789,'2006-08-29','Tor Science Fiction',426,3.88,33),(352,192175,3,441328008,'Heretics of Dune (Dune Chronicles #5)',3,201,'eng',45388,'1987-08-15','Ace Books',471,3.86,5),(353,825853,2,618212906,'The Lord of the Rings: The Art of the Fellowship of the Ring',2,202,'eng',26153,'2002-06-12','Houghton Mifflin Harcourt',192,4.59,10),(354,430843,2,345410050,'The Power of One (The Power of One  #1)',1,102,'eng',69167,'1996-09-29','Ballantine Books',544,4.35,38),(355,597805,2,385732546,'The Power of One (The Power of One  #1)',3,203,'eng',45,'2005-09-13','Delacorte Books for Young Readers',291,4.35,19),(356,651120,1,785260056,'The Power of One: One Person  One Rule  One Month',2,101,'en',16,'2004-11-01','Thomas Nelson',256,4.28,22),(357,995242,1,471780936,'Power of an Hour: Business and Life Mastery in One Hour a Week',1,306,'eng',174,'2006-05-19','Wiley',205,3.34,22),(358,839558,2,325001537,'The Power of One: The Solo Play for Playwrights  Actors  and Directors',3,207,'eng',10,'2000-02-07','Heinemann Drama',240,3.67,37),(359,398788,3,60762870,'How to Buy  Sell & Profit on eBay: Kick-Start Your Home-Based Business in Just Thirty Days',0,208,'eng',76,'2005-05-03','William Morrow Paperbacks',336,3.48,5),(360,166790,2,470045299,'eBay for Dummies',0,209,'eng',111,'2006-10-30','Wiley',386,3.5,6),(361,581261,1,72262788,'What to Sell on ebay and Where to Get It: The Definitive Guide to Product Sourcing for eBay and Beyond',1,108,'eng',24,'2006-01-24','McGraw-Hill',260,3.62,38),(362,793523,1,764569244,'Starting an eBay Business for Dummies',2,202,'eng',55,'2004-09-17','Wiley',384,3.55,8),(363,178602,2,471933821,'eBay: Top 100 Simplified Tips & Tricks',2,305,'eng',9,'2006-06-06','Wiley',260,4.27,40),(364,346662,2,764559915,'ebay Timesaving Techniques for Dummies',3,306,'en',22,'2004-05-31','Wiley',391,3.39,12),(365,817037,1,764584383,'eBay Business All-in-One Desk Reference for Dummies',3,101,'en',17,'2005-04-25','Wiley',864,3.89,13),(366,648913,2,596523696,'Ruby Cookbook',3,201,'eng',166,'2006-07-29','O\'Reilly Media',873,3.84,31),(367,924281,1,806523492,'Ruby Ann\'s Down Home Trailer Park Cookbook',0,202,'eng',50,'2005-05-03','Citadel',240,4.12,2),(368,951857,1,806525363,'Ruby Ann\'s Down Home Trailer Park BBQin\' Cookbook',0,102,'eng',13,'2005-05-03','Citadel',206,4.08,16),(369,474759,1,596527314,'Rails Cookbook: Recipes for Rapid Web Development with Ruby',3,203,'eng',64,'2007-01-01','O\'Reilly Media',514,3.48,13),(370,144715,1,143035002,'Anna Karenina',0,101,'eng',16643,'2004-05-31','Penguin Classics',838,4.05,18),(371,141086,1,451528611,'Anna Karenina',2,306,'eng',109420,'2002-11-05','Signet',960,4.05,36),(372,633255,3,140449175,'Anna Karenina',3,207,'eng',2904,'2003-01-30','Penguin Books',837,4.05,0),(373,NULL,2,822001837,'CliffsNotes on Tolstoy\'s Anna Karenina',0,208,'eng',16,'1965-11-26','Cliffs Notes',80,3.85,NULL),(374,NULL,1,1593080271,'Anna Karenina',0,209,'eng',9564,'2003-07-01','Barnes & Noble Classics',803,4.05,NULL),(375,NULL,3,486437965,'Anna Karenina',0,108,'eng',474,'2004-11-23','Dover Publications',752,4.05,NULL),(376,NULL,3,1593081774,'Anna Karenina',2,202,'eng',303,'2004-08-26','Barnes & Noble',803,4.05,NULL),(377,NULL,3,778322270,'Dinner with Anna Karenina',2,305,'eng',411,'2006-01-28','Mira Books',360,2.99,NULL),(378,NULL,1,521313252,'Tolstoy: Anna Karenina',1,306,'eng',1204,'1987-11-26','Cambridge University Press',128,4.19,NULL),(379,NULL,3,140183957,'Untouchable',2,101,'eng',3429,'1990-07-03','Penguin Books',160,3.71,NULL),(380,NULL,1,679767479,'The Untouchable',2,201,'eng',2163,'1998-06-30','Vintage',367,3.95,NULL),(381,NULL,3,1568491980,'The Untouchables',3,202,'eng',613,'1996-02-01','Buccaneer Books',256,3.89,NULL),(382,NULL,2,743270797,'Untouchables: My Family\'s Triumphant Journey Out of the Caste System in Modern India',3,102,'en',308,'2005-09-27','Scribner',320,3.82,NULL),(383,NULL,1,932863051,'Dalit: The Black Untaouchables of India',2,203,'eng',10,'1995-01-28','Clarity Press',100,4.2,NULL),(384,NULL,2,742508803,'Growing Up Untouchable in India: A Dalit Autobiography',2,101,'eng',16,'2000-12-20','Rowman & Littlefield Publishers',224,3.65,NULL),(385,NULL,2,205358624,'The Evidence-Based Social Work Skills Book',3,306,'eng',10,'2003-09-22','Pearson',216,3.4,NULL),(386,NULL,3,1557344035,'\"A Wrinkle in Time: A Guide for Using \"\"A Wrinkle in Time\"\" in the Classroom\"',0,207,'eng',17,'1991-09-28','Teacher Created Resources',48,4,NULL),(387,NULL,3,380720442,'Wrinkles in Time',3,208,'eng',1035,'1994-10-01','Harper Perennial',360,4.01,NULL),(388,NULL,2,821925326,'A Wrinkle in Time: With Related Readings (A Wrinkle in Time Quintet #1)',3,209,'eng',36,'2002-05-01','EMC/Paradigm Publishing',250,4,NULL),(389,NULL,1,439271690,'Literature Circle Guide: A Wrinkle in Time',1,108,'eng',15,'2002-01-01','Teaching Resources',32,3.6,NULL),(390,NULL,1,606105263,'Una arruga en el tiempo – A Wrinkle in Time',3,202,'spa',6,'1984-06-01','Turtleback Books',205,4,NULL),(391,NULL,3,751506435,'The Long Shadow (The Morland Dynasty  #6)',1,305,'eng',376,'1994-06-01','Little  Brown Book Group',367,4.12,NULL),(392,NULL,2,60786710,'A Long Shadow (Inspector Ian Rutledge  #8)',3,306,'eng',3086,'2006-01-03','William Morrow',352,4.11,NULL),(393,NULL,2,743499344,'Long Way Round: Chasing Shadows Across the World',0,101,'en',352,'2005-11-01','Atria Books',320,3.94,NULL),(394,NULL,3,765313405,'A Shadow in Summer (Long Price Quartet  #1)',1,201,'eng',9852,'2006-03-07','Tor Books',331,3.6,NULL),(395,NULL,1,1400032490,'New Hope for the Dead (Hoke Mosely #2)',3,202,'eng',821,'2004-08-10','Vintage Crime/Black Lizard',244,3.9,NULL),(396,NULL,3,1400032482,'Sideswipe: A Hoke Moseley Novel',3,102,'eng',731,'2005-03-08','Vintage Crime/Black Lizard',215,4.05,NULL),(397,NULL,3,1400032466,'Miami Blues (Hoke Moseley #1)',1,203,'eng',2897,'2004-08-10','Vintage Crime/Black Lizard',191,3.94,NULL),(398,NULL,2,679732527,'The Burnt Orange Heresy (Vintage Crime/Black Lizard)',0,101,'eng',98,'1990-10-03','Vintage',144,3.89,NULL),(399,NULL,1,312424442,'I am Charlotte Simmons',0,306,'eng',20888,'2005-08-30','Picador USA',738,3.42,NULL),(400,NULL,2,806930772,'Poetry for Young People: Edward Lear',0,207,'eng',66,'2001-10-01','Sterling',48,3.91,NULL),(401,NULL,1,140366601,'The Puffin Book of Nonsense Verse',1,208,'eng',81,'1996-10-03','Puffin',287,4.02,NULL),(402,NULL,3,811201120,'Henry Miller on Writing',1,209,'eng',981,'1964-02-01','New Directions Publishing',217,4.22,NULL),(403,NULL,2,802130160,'Quiet Days in Clichy',3,108,'eng',3381,'1994-01-13','Grove Press',154,3.69,NULL),(404,NULL,3,802131786,'Tropic of Cancer',3,202,'eng',53206,'1994-01-06','Grove Press',318,3.68,NULL),(405,NULL,1,802151825,'Tropic of Capricorn',2,305,'eng',14872,'1994-01-13','Grove Press',348,3.78,NULL),(406,NULL,2,802151787,'Nexus (The Rosy Crucifixion  #3)',2,306,'eng',3261,'1994-01-13','Grove Press',316,4.1,NULL),(407,NULL,1,802151809,'Sexus (The Rosy Crucifixion  #1)',2,101,'eng',7805,'1994-01-12','Grove Press',506,3.98,NULL),(408,NULL,1,811201066,'The Air-Conditioned Nightmare',1,201,'eng',2699,'1970-01-17','New Directions',292,3.83,NULL),(409,NULL,3,141439637,'The Portrait of a Lady',3,202,'eng',61640,'2003-09-30','Penguin Classics',797,3.78,NULL),(410,NULL,1,1593080964,'The Portrait of a Lady',0,102,'eng',392,'2004-01-16','Barnes  Noble Classics',635,3.78,NULL),(411,NULL,3,1571290532,'Writing',2,203,'eng',778,'1999-05-06','Brookline Books',91,3.75,NULL),(412,NULL,3,1565842219,'The War',1,101,'eng',963,'1994-08-01','The New Press',192,3.85,NULL),(413,NULL,2,394743040,'The Ravishing of Lol Stein',2,306,'en',2057,'1986-03-12','Pantheon',181,3.66,NULL),(414,NULL,1,1851681825,'Love Letters',2,207,'eng',203,'1999-07-01','One World (UK)',178,3.68,NULL),(415,NULL,1,1566562490,'Kahlil Gibran: His Life and World',0,208,'eng',35,'1998-04-01','Interlink Publishing Group',464,4.21,NULL),(416,NULL,1,140195530,'The Beloved: Reflections on the Path of the Heart',2,209,'eng',328,'1998-01-01','Penguin Books',102,4.19,NULL),(417,NULL,2,394431243,'Jesus the Son of Man',3,108,'eng',1308,'1995-02-21','Knopf',216,3.98,NULL),(418,NULL,2,806501901,'The Broken Wings',3,202,'eng',6432,'2003-03-03','Citadel',132,3.92,NULL),(419,NULL,2,679439200,'Sand and Foam',3,305,'eng',3015,'2011-06-14','Knopf',100,4.08,NULL),(420,NULL,2,753453800,'Treasure Island',3,306,'eng',318753,'2001-09-15','Kingfisher',311,3.83,NULL),(421,NULL,1,1402714572,'Treasure Island',1,101,'en',420,'2004-10-01','Sterling Children\'s Books',213,3.83,NULL),(422,NULL,1,1416500294,'Treasure Island',3,201,'eng',5967,'2005-06-01','Simon & Schuster',245,3.83,NULL),(423,NULL,1,689854684,'Treasure Island',1,202,'eng',104,'2003-07-01','Atheneum Books for Young Readers',64,3.83,NULL),(424,NULL,2,517221144,'Treasure Island',3,102,'en',56,'2002-09-03','Gramercy Books',272,3.83,NULL),(425,NULL,2,1577658051,'Treasure Island (Great Illustrated Classics)',3,203,'eng',91,'2006-01-31','Abdo Publishing Company',232,4.05,NULL),(426,NULL,2,933121180,'100 Years of Lynchings',2,101,'eng',88,'1996-11-22','Black Classic Press',270,4.61,NULL),(427,NULL,3,785950109,'Cien anos de soledad',2,306,'spa',63,'1990-01-01','French & European',448,4.07,NULL),(428,NULL,2,394800842,'On Beyond Zebra!',2,207,'eng',2815,'1955-09-12','Random House Books for Young Readers',64,4.04,NULL),(429,NULL,2,821778250,'The Wedding Clause',3,208,'eng',95,'2005-06-07','Zebra',256,3.6,NULL),(430,NULL,1,60733039,'The Zebra Wall',0,209,'eng',217,'2005-02-15','Greenwillow Books',147,3.44,NULL),(431,NULL,1,8432216062,'El perfume: Historia de un asesino',0,108,'spa',4136,'2002-06-01','Booket',239,4.02,NULL),(432,NULL,1,345413997,'The Door Into Summer',0,202,'eng',17232,'1997-06-17','Del Rey',304,4.01,NULL),(433,NULL,1,441788386,'Stranger in a Strange Land',0,305,'eng',251872,'1991-10-01','Ace',528,3.92,NULL),(434,NULL,1,441748600,'To Sail Beyond the Sunset',0,306,'en',10293,'1988-06-01','Ace Books',434,3.87,NULL),(435,NULL,1,345316509,'Job: A Comedy of Justice',2,101,'en',15970,'1985-10-12','Del Rey',439,3.78,NULL),(436,NULL,1,765314932,'Time for the Stars (Heinlein\'s Juveniles  #10)',3,201,'eng',6898,'2006-08-08','Tor Books',256,3.97,NULL),(437,NULL,3,671742515,'The Long Dark Tea-Time of the Soul (Dirk Gently  #2)',1,202,'en',67803,'1991-02-15','Pocket Books',307,4.06,NULL),(438,NULL,2,345455290,'The Salmon of Doubt (Dirk Gently  #3)',0,102,'eng',22091,'2005-04-26','Del Rey',298,3.93,NULL),(439,NULL,2,345476514,'Wish You Were Here: The Official Biography of Douglas Adams',2,203,'eng',2623,'2005-12-27','Del Rey',368,4.14,NULL),(440,NULL,2,345368436,'Douglas Adams\'s Starship Titanic',3,101,'eng',885,'1998-10-27','Ballantine Books',256,3.6,NULL),(441,NULL,1,1417622857,'Salmon of Doubt: Hitchhiking the Galaxy One Last Time',3,306,'eng',5,'2003-07-01','Turtleback Books',336,3.93,NULL),(442,NULL,1,573650969,'The Phantom Tollbooth: A Children\'s Play in Two Acts',3,207,'eng',100,'2011-01-12','Samuel French  Inc.',72,4.13,NULL),(443,NULL,2,691122946,'On Bullshit',2,208,'eng',9358,'2005-01-30','Princeton University Press',67,3.57,NULL),(444,NULL,1,393329402,'Another Bullshit Night in Suck City',1,209,'eng',9318,'2005-09-12','W. W. Norton & Company',347,3.78,NULL),(445,NULL,1,671867423,'Lincoln at Gettysburg: The Words That Remade America',0,108,'en',120,'1993-06-12','Simon & Schuster',317,4.14,NULL),(446,NULL,3,395883970,'The Gettysburg Address',1,202,'eng',5239,'1998-02-02','HMH Books for Young Readers',32,4.53,NULL),(447,NULL,2,684848155,'Underworld',3,305,'eng',1505,'1998-07-09','Scribner',827,3.92,NULL),(448,NULL,3,140156046,'Libra',3,306,'eng',11857,'1991-05-01','Penguin',480,3.99,NULL),(449,NULL,3,140119485,'Americana',2,101,'eng',393,'1989-07-06','Penguin Books',377,3.43,NULL),(450,NULL,2,679722947,'Running Dog',1,201,'eng',1356,'1989-07-17','Vintage Contemporaries',256,3.43,NULL),(451,NULL,3,743244257,'Cosmopolis',0,202,'eng',460,'2004-04-06','Scribner',224,3.22,NULL),(452,NULL,2,140179178,'Great Jones Street',2,102,'eng',2492,'1994-01-01','Penguin Books',272,3.48,NULL),(453,NULL,3,679722955,'The Names',0,203,'eng',3100,'1989-07-17','Vintage',339,3.64,NULL),(454,NULL,3,1594201200,'Against the Day',2,101,'eng',5296,'2006-11-21','Penguin Press',1085,4.13,NULL),(455,NULL,3,60930217,'V.',1,306,'eng',1415,'2005-07-05','Harper Perennial Modern Classics',547,3.96,NULL),(456,NULL,3,60931671,'The Crying of Lot 49',2,207,'eng',2161,'1999-04-01','Harper Perennial',152,3.69,NULL),(457,NULL,3,140283382,'Gravity\'s Rainbow',1,208,'eng',762,'2000-01-01','Penguin Books',784,4.01,NULL),(458,NULL,1,312423209,'Mason & Dixon',3,209,'eng',8086,'2004-01-03','Picador USA',773,4.07,NULL),(459,NULL,2,141180633,'Vineland',2,108,'en',702,'1997-09-01','Penguin Classics',385,3.69,NULL),(460,NULL,1,143039946,'Gravity\'s Rainbow',2,202,'eng',29764,'2006-10-31','Penguin Books',776,4.01,NULL),(461,NULL,2,316724432,'Slow Learner: Early Stories',1,305,'eng',334,'1985-04-30','Back Bay Books',193,3.5,NULL),(462,NULL,3,140189300,'Been Down So Long It Looks Like Up To Me',2,306,'eng',2473,'1996-08-29','Penguin Classics',352,3.8,NULL),(463,NULL,1,1400043140,'The Year of Magical Thinking',3,101,'en',2656,'2005-10-04','Knopf Publishing Group',227,3.89,NULL),(464,NULL,1,374522219,'The White Album',1,201,'eng',11889,'1990-10-01','Farrar Straus Giroux',222,4.17,NULL),(465,NULL,3,679754865,'A Book of Common Prayer',0,202,'eng',2962,'1995-04-11','Vintage International',272,3.8,NULL),(466,NULL,2,679752862,'Where I Was From',3,102,'eng',2842,'2004-09-14','Vintage',240,3.86,NULL),(467,NULL,3,374521727,'Slouching Towards Bethlehem',1,203,'eng',26934,'1990-10-01','Farrar Straus Giroux',238,4.21,NULL),(468,NULL,1,679754857,'Democracy',2,101,'en',2070,'1995-04-25','Vintage International',234,3.81,NULL),(469,NULL,1,307264874,'We Tell Ourselves Stories in Order to Live: Collected Nonfiction',1,306,'eng',1564,'2006-10-17','Everyman\'s Library',1122,4.5,NULL),(470,NULL,1,374529949,'Play It As It Lays',1,207,'eng',23656,'2005-11-15','Farrar  Straus and Giroux',231,3.87,NULL),(471,NULL,2,143039830,'The New York Trilogy',2,208,'eng',43200,'2006-03-28','Penguin Classics',308,3.89,NULL),(472,NULL,3,140097317,'City of Glass (The New York Trilogy  #1)',1,209,'eng',12410,'1987-04-07','Penguin Books',203,3.79,NULL),(473,NULL,1,140097350,'Ghosts (The New York Trilogy  #2)',1,108,'eng',3672,'1987-07-07','Penguin Books',96,3.64,NULL),(474,NULL,3,940650762,'The Locked Room (The New York Trilogy  #3)',1,202,'eng',2998,'1986-11-01','Sun and Moon Press',179,3.89,NULL),(475,NULL,2,963188925,'Pyramids of Montauk: Explorations in Consciousness',1,305,'eng',74,'1995-01-01','Sky Books (NY)',256,3.89,NULL),(476,NULL,3,312426232,'The Brooklyn Follies',1,306,'eng',17977,'2006-10-17','Picador',306,3.84,NULL),(477,NULL,3,140115854,'Moon Palace',1,101,'eng',16099,'1990-04-01','Penguin Books',320,3.94,NULL),(478,NULL,1,140154078,'The Music of Chance',2,201,'en',361,'1991-12-01','Penguin Books',217,3.9,NULL),(479,NULL,1,805081453,'Travels in the Scriptorium',1,202,'eng',6688,'2007-01-23','Henry Holt & Company',145,3.23,NULL),(480,NULL,2,140178139,'Leviathan',1,102,'eng',11744,'1993-09-01','Penguin Books',275,3.96,NULL),(481,NULL,1,811214982,'The Red Notebook: True Stories',1,203,'eng',2390,'2002-06-17','New Directions',104,3.77,NULL),(482,NULL,2,2742741461,'Timbuktu / Leviathan / Moon Palace',0,101,'fre',21,'2002-11-07','Actes Sud',1075,4.38,NULL),(483,NULL,3,143036556,'Collapse: How Societies Choose to Fail or Succeed',1,306,'eng',52522,'2005-12-27','Penguin Books Ltd. (London)',608,3.93,NULL),(484,NULL,3,446579785,'The Coming Economic Collapse: How You Can Thrive When Oil Costs $200 a Barrel',1,207,'en',213,'2006-02-01','Business Plus',211,3.4,NULL),(485,NULL,1,521386730,'Collapse of Complex Societies',2,208,'eng',719,'1990-03-29','Cambridge University Press',262,4.15,NULL),(486,NULL,3,743203046,'Bowling Alone: The Collapse and Revival of American Community',0,209,'eng',4762,'2001-08-07','Simon  Schuster',544,3.8,NULL),(487,NULL,3,345438710,'The Collapse of the Common Good: How America\'s Lawsuit Culture Undermines Our Freedom',2,108,'eng',62,'2002-01-29','Ballantine Books',272,3.91,NULL),(488,NULL,3,393318281,'Reinventing the Enemy\'s Language: Contemporary Native Women\'s Writings of North America',2,202,'eng',278,'1998-09-17','W. W. Norton  Company',576,4.39,NULL),(489,NULL,3,1599869942,'My Inventions',0,305,'eng',2862,'2006-05-17','Filiquarian Publishing  LLC.',88,4.01,NULL),(490,NULL,2,806519606,'Wizard: The Life and Times of Nikola Tesla: Biography of a Genius',0,306,'eng',2829,'2001-02-01','Citadel',542,3.78,NULL),(491,NULL,2,822549204,'Nikola Tesla: A Spark of Genius',0,101,'eng',105,'1994-10-01','Lerner Publications',144,3.93,NULL),(492,NULL,2,932813860,'Tesla Papers',0,201,'eng',102,'2000-12-01','Adventures Unlimited Press',100,4.13,NULL),(493,NULL,3,373792689,'Boys of Summer',1,202,'eng',478,'2006-06-27','Harlequin Blaze',249,3.77,NULL),(494,NULL,1,974514055,'Programming Ruby: The Pragmatic Programmers\' Guide',3,102,'en',1577,'2004-10-11','Pragmatic Bookshelf',828,4.03,NULL),(495,NULL,2,764585975,'Golding\'s Lord of the Flies (Cliffs Notes)',3,203,'eng',73,'2000-06-13','Cliffs Notes',112,3.95,NULL),(496,NULL,3,307281701,'Lord of the Flies',3,101,'eng',408,'2005-10-11','Listening Library (Audio)',6,3.68,NULL),(497,NULL,3,812969707,'A War Like No Other: How the Athenians & Spartans Fought the Peloponnesian War',2,306,'eng',1693,'2006-09-12','Random House',397,4.11,NULL),(498,NULL,2,60255080,'We Were Not Like Other People',2,207,'eng',1,'1989-01-01','HarperCollins Publishers',216,4.14,NULL),(499,NULL,1,345438710,'The Collapse of the Common Good: How America\'s Lawsuit Culture Undermines Our Freedom',2,108,'eng',62,'2002-01-29','Ballantine Books',272,3.91,NULL),(500,NULL,3,393318281,'Reinventing the Enemy\'s Language: Contemporary Native Women\'s Writings of North America',2,202,'eng',278,'1998-09-17','W. W. Norton  Company',576,4.39,NULL),(501,NULL,2,1599869942,'My Inventions',0,305,'eng',2862,'2006-05-17','Filiquarian Publishing  LLC.',88,4.01,NULL),(502,NULL,1,806519606,'Wizard: The Life and Times of Nikola Tesla: Biography of a Genius',0,306,'eng',2829,'2001-02-01','Citadel',542,3.78,NULL),(503,NULL,2,822549204,'Nikola Tesla: A Spark of Genius',0,101,'eng',105,'1994-10-01','Lerner Publications',144,3.93,NULL),(504,NULL,1,932813860,'Tesla Papers',0,201,'eng',102,'2000-12-01','Adventures Unlimited Press',100,4.13,NULL),(505,NULL,3,373792689,'Boys of Summer',1,202,'eng',478,'2006-06-27','Harlequin Blaze',249,3.77,NULL),(506,NULL,2,974514055,'Programming Ruby: The Pragmatic Programmers\' Guide',3,102,'en',1577,'2004-10-11','Pragmatic Bookshelf',828,4.03,NULL),(507,NULL,2,764585975,'Golding\'s Lord of the Flies (Cliffs Notes)',3,203,'eng',73,'2000-06-13','Cliffs Notes',112,3.95,NULL),(508,NULL,1,307281701,'Lord of the Flies',3,101,'eng',408,'2005-10-11','Listening Library (Audio)',6,3.68,NULL),(509,NULL,2,812969707,'A War Like No Other: How the Athenians & Spartans Fought the Peloponnesian War',2,306,'eng',1693,'2006-09-12','Random House',397,4.11,NULL),(510,NULL,2,60255080,'We Were Not Like Other People',2,207,'eng',1,'1989-01-01','HarperCollins Publishers',216,4.14,NULL),(511,NULL,3,330485385,'The Lovely Bones',3,208,'en',6485,'2003-06-01','Picador',328,3.81,NULL),(512,NULL,1,1594130230,'The Lovely Bones',1,209,'en',367,'2004-04-01','Large Print Press',532,3.81,NULL),(513,NULL,3,345360354,'Lovely in Her Bones (Elizabeth MacPherson  #2)',1,108,'eng',1371,'1990-05-13','Ballantine Books',224,3.8,NULL),(514,NULL,1,321303474,'The Zen of CSS Design: Visual Enlightenment for the Web',2,202,'en',793,'2005-02-17','Peachpit Press',296,3.98,NULL),(515,NULL,1,321430840,'HTML  XHTML  and CSS (Visual Quickstart Guide)',3,305,'en',549,'2006-08-01','Peachpit Press',456,3.8,NULL),(516,NULL,2,3822840858,'1000 Record Covers',3,306,'mul',288,'2005-05-15','Taschen',575,3.85,NULL),(517,856369,2,743264460,'Killing Yourself to Live: 85% of a True Story',0,101,'eng',26381,'2006-06-13','Scribner',245,3.81,39),(518,318571,2,743236017,'Sex  Drugs  and Cocoa Puffs: A Low Culture Manifesto',3,201,'eng',62089,'2004-07-02','Scribner',272,3.73,6),(519,219020,1,553572490,'Vice (V  #8)',1,202,'eng',474,'1996-05-02','Bantam',419,3.51,38),(520,934285,2,60589469,'Zen and the Art of Motorcycle Maintenance: An Inquiry Into Values (Phaedrus  #1)',3,102,'eng',166046,'2006-04-25','HarperTorch',540,3.77,26),(521,149763,3,802789471,'Once Upon a Cool Motorcycle Dude',0,203,'eng',1773,'2005-04-01','Walker & Company',32,4.08,8),(522,363951,3,688060692,'Guidebook to Zen and the Art of Motorcycle Maintenance',3,101,'en',286,'1990-11-19','William Morrow Paperbacks',408,3.72,23),(523,306185,3,1859605150,'Motorcycle Basics Techbook',1,306,'eng',40,'2002-07-05','Haynes Manuals N. America  Inc.',222,3.85,9),(524,225090,1,1592530877,'LOGO Lounge: 2 000 International Identities by Leading Designers',3,207,'eng',27,'2004-09-01','Rockport Publishers',191,3.93,7),(525,287114,2,451528808,'The Death of Ivan Ilych And Other Stories',0,208,'eng',7300,'2003-04-01','Signet Classics',304,4.11,1),(526,811489,2,345438710,'The Collapse of the Common Good: How America\'s Lawsuit Culture Undermines Our Freedom',2,108,'eng',62,'2002-01-29','Ballantine Books',272,3.91,11),(527,162573,1,393318281,'Reinventing the Enemy\'s Language: Contemporary Native Women\'s Writings of North America',2,202,'eng',278,'1998-09-17','W. W. Norton  Company',576,4.39,8),(528,836699,1,1599869942,'My Inventions',0,305,'eng',2862,'2006-05-17','Filiquarian Publishing  LLC.',88,4.01,16),(529,798859,1,806519606,'Wizard: The Life and Times of Nikola Tesla: Biography of a Genius',0,306,'eng',2829,'2001-02-01','Citadel',542,3.78,10),(530,458765,1,822549204,'Nikola Tesla: A Spark of Genius',0,101,'eng',105,'1994-10-01','Lerner Publications',144,3.93,22),(531,562109,3,932813860,'Tesla Papers',0,201,'eng',102,'2000-12-01','Adventures Unlimited Press',100,4.13,31),(532,947334,2,373792689,'Boys of Summer',1,202,'eng',478,'2006-06-27','Harlequin Blaze',249,3.77,9),(533,316995,3,974514055,'Programming Ruby: The Pragmatic Programmers\' Guide',3,102,'en',1577,'2004-10-11','Pragmatic Bookshelf',828,4.03,1),(534,798671,3,764585975,'Golding\'s Lord of the Flies (Cliffs Notes)',3,203,'eng',73,'2000-06-13','Cliffs Notes',112,3.95,14),(535,415004,2,307281701,'Lord of the Flies',3,101,'eng',408,'2005-10-11','Listening Library (Audio)',6,3.68,4),(536,770810,2,812969707,'A War Like No Other: How the Athenians & Spartans Fought the Peloponnesian War',2,306,'eng',1693,'2006-09-12','Random House',397,4.11,5),(537,255640,1,60255080,'We Were Not Like Other People',2,207,'eng',1,'1989-01-01','HarperCollins Publishers',216,4.14,6),(538,311079,2,330485385,'The Lovely Bones',3,208,'en',6485,'2003-06-01','Picador',328,3.81,25),(539,NULL,3,1594130230,'The Lovely Bones',1,209,'en',367,'2004-04-01','Large Print Press',532,3.81,NULL),(540,NULL,2,345360354,'Lovely in Her Bones (Elizabeth MacPherson  #2)',1,108,'eng',1371,'1990-05-13','Ballantine Books',224,3.8,NULL),(541,NULL,1,321303474,'The Zen of CSS Design: Visual Enlightenment for the Web',2,202,'en',793,'2005-02-17','Peachpit Press',296,3.98,NULL),(542,NULL,1,321430840,'HTML  XHTML  and CSS (Visual Quickstart Guide)',3,305,'en',549,'2006-08-01','Peachpit Press',456,3.8,NULL),(543,NULL,1,3822840858,'1000 Record Covers',3,306,'mul',288,'2005-05-15','Taschen',575,3.85,NULL),(544,NULL,1,743264460,'Killing Yourself to Live: 85% of a True Story',0,101,'eng',26381,'2006-06-13','Scribner',245,3.81,NULL),(545,NULL,2,743236017,'Sex  Drugs  and Cocoa Puffs: A Low Culture Manifesto',3,201,'eng',62089,'2004-07-02','Scribner',272,3.73,NULL),(546,NULL,1,553572490,'Vice (V  #8)',1,202,'eng',474,'1996-05-02','Bantam',419,3.51,NULL),(547,NULL,3,60589469,'Zen and the Art of Motorcycle Maintenance: An Inquiry Into Values (Phaedrus  #1)',3,102,'eng',166046,'2006-04-25','HarperTorch',540,3.77,NULL),(548,NULL,3,802789471,'Once Upon a Cool Motorcycle Dude',0,203,'eng',1773,'2005-04-01','Walker & Company',32,4.08,NULL),(549,NULL,3,688060692,'Guidebook to Zen and the Art of Motorcycle Maintenance',3,101,'en',286,'1990-11-19','William Morrow Paperbacks',408,3.72,NULL),(550,NULL,3,1859605150,'Motorcycle Basics Techbook',1,306,'eng',40,'2002-07-05','Haynes Manuals N. America  Inc.',222,3.85,NULL),(551,NULL,1,1592530877,'LOGO Lounge: 2 000 International Identities by Leading Designers',3,207,'eng',27,'2004-09-01','Rockport Publishers',191,3.93,NULL),(552,NULL,3,451528808,'The Death of Ivan Ilych And Other Stories',0,208,'eng',7300,'2003-04-01','Signet Classics',304,4.11,NULL),(553,NULL,1,751506435,'The Long Shadow (The Morland Dynasty  #6)',1,305,'eng',376,'1994-06-01','Little  Brown Book Group',367,4.12,NULL),(554,NULL,1,60786710,'A Long Shadow (Inspector Ian Rutledge  #8)',3,306,'eng',3086,'2006-01-03','William Morrow',352,4.11,NULL),(555,NULL,2,743499344,'Long Way Round: Chasing Shadows Across the World',0,101,'en',352,'2005-11-01','Atria Books',320,3.94,NULL),(556,NULL,1,765313405,'A Shadow in Summer (Long Price Quartet  #1)',1,201,'eng',9852,'2006-03-07','Tor Books',331,3.6,NULL),(557,NULL,3,1400032490,'New Hope for the Dead (Hoke Mosely #2)',3,202,'eng',821,'2004-08-10','Vintage Crime/Black Lizard',244,3.9,NULL),(558,NULL,2,1400032482,'Sideswipe: A Hoke Moseley Novel',3,102,'eng',731,'2005-03-08','Vintage Crime/Black Lizard',215,4.05,NULL),(559,NULL,1,1400032466,'Miami Blues (Hoke Moseley #1)',1,203,'eng',2897,'2004-08-10','Vintage Crime/Black Lizard',191,3.94,NULL),(560,NULL,3,679732527,'The Burnt Orange Heresy (Vintage Crime/Black Lizard)',0,101,'eng',98,'1990-10-03','Vintage',144,3.89,NULL),(561,NULL,1,312424442,'I am Charlotte Simmons',0,306,'eng',20888,'2005-08-30','Picador USA',738,3.42,NULL),(562,NULL,3,806930772,'Poetry for Young People: Edward Lear',0,207,'eng',66,'2001-10-01','Sterling',48,3.91,NULL),(563,NULL,3,140366601,'The Puffin Book of Nonsense Verse',1,208,'eng',81,'1996-10-03','Puffin',287,4.02,NULL),(564,NULL,3,811201120,'Henry Miller on Writing',1,209,'eng',981,'1964-02-01','New Directions Publishing',217,4.22,NULL),(565,NULL,1,802130160,'Quiet Days in Clichy',3,108,'eng',3381,'1994-01-13','Grove Press',154,3.69,NULL),(566,NULL,2,802131786,'Tropic of Cancer',3,202,'eng',53206,'1994-01-06','Grove Press',318,3.68,NULL),(567,NULL,2,802151825,'Tropic of Capricorn',2,305,'eng',14872,'1994-01-13','Grove Press',348,3.78,NULL),(568,NULL,3,802151787,'Nexus (The Rosy Crucifixion  #3)',2,306,'eng',3261,'1994-01-13','Grove Press',316,4.1,NULL),(569,856369,1,802151809,'Sexus (The Rosy Crucifixion  #1)',2,101,'eng',7805,'1994-01-12','Grove Press',506,3.98,13),(570,318571,1,811201066,'The Air-Conditioned Nightmare',1,201,'eng',2699,'1970-01-17','New Directions',292,3.83,36),(571,219020,1,141439637,'The Portrait of a Lady',3,202,'eng',61640,'2003-09-30','Penguin Classics',797,3.78,28),(572,934285,1,1593080964,'The Portrait of a Lady',0,102,'eng',392,'2004-01-16','Barnes  Noble Classics',635,3.78,2),(573,149763,1,1571290532,'Writing',2,203,'eng',778,'1999-05-06','Brookline Books',91,3.75,36),(574,363951,2,1565842219,'The War',1,101,'eng',963,'1994-08-01','The New Press',192,3.85,14),(575,306185,1,394743040,'The Ravishing of Lol Stein',2,306,'en',2057,'1986-03-12','Pantheon',181,3.66,14),(576,225090,1,1851681825,'Love Letters',2,207,'eng',203,'1999-07-01','One World (UK)',178,3.68,30),(577,287114,3,1566562490,'Kahlil Gibran: His Life and World',0,208,'eng',35,'1998-04-01','Interlink Publishing Group',464,4.21,17),(578,811489,2,140195530,'The Beloved: Reflections on the Path of the Heart',2,209,'eng',328,'1998-01-01','Penguin Books',102,4.19,33),(579,162573,1,394431243,'Jesus the Son of Man',3,108,'eng',1308,'1995-02-21','Knopf',216,3.98,18),(580,836699,1,806501901,'The Broken Wings',3,202,'eng',6432,'2003-03-03','Citadel',132,3.92,14),(581,798859,2,679439200,'Sand and Foam',3,305,'eng',3015,'2011-06-14','Knopf',100,4.08,5),(582,458765,3,753453800,'Treasure Island',3,306,'eng',318753,'2001-09-15','Kingfisher',311,3.83,33),(583,562109,1,1402714572,'Treasure Island',1,101,'en',420,'2004-10-01','Sterling Children\'s Books',213,3.83,13),(584,947334,2,1416500294,'Treasure Island',3,201,'eng',5967,'2005-06-01','Simon & Schuster',245,3.83,39),(585,316995,3,689854684,'Treasure Island',1,202,'eng',104,'2003-07-01','Atheneum Books for Young Readers',64,3.83,36),(586,798671,1,517221144,'Treasure Island',3,102,'en',56,'2002-09-03','Gramercy Books',272,3.83,19),(587,415004,2,1577658051,'Treasure Island (Great Illustrated Classics)',3,203,'eng',91,'2006-01-31','Abdo Publishing Company',232,4.05,31),(588,770810,3,933121180,'100 Years of Lynchings',2,101,'eng',88,'1996-11-22','Black Classic Press',270,4.61,27),(589,255640,3,785950109,'Cien anos de soledad',2,306,'spa',63,'1990-01-01','French & European',448,4.07,33),(590,311079,2,394800842,'On Beyond Zebra!',2,207,'eng',2815,'1955-09-12','Random House Books for Young Readers',64,4.04,19),(591,NULL,2,821778250,'The Wedding Clause',3,208,'eng',95,'2005-06-07','Zebra',256,3.6,NULL),(592,NULL,1,60733039,'The Zebra Wall',0,209,'eng',217,'2005-02-15','Greenwillow Books',147,3.44,NULL),(593,NULL,2,8432216062,'El perfume: Historia de un asesino',0,108,'spa',4136,'2002-06-01','Booket',239,4.02,NULL),(594,NULL,2,345413997,'The Door Into Summer',0,202,'eng',17232,'1997-06-17','Del Rey',304,4.01,NULL),(595,NULL,1,441788386,'Stranger in a Strange Land',0,305,'eng',251872,'1991-10-01','Ace',528,3.92,NULL),(596,NULL,2,441748600,'To Sail Beyond the Sunset',0,306,'en',10293,'1988-06-01','Ace Books',434,3.87,NULL),(597,NULL,2,345316509,'Job: A Comedy of Justice',2,101,'en',15970,'1985-10-12','Del Rey',439,3.78,NULL),(598,NULL,1,765314932,'Time for the Stars (Heinlein\'s Juveniles  #10)',3,201,'eng',6898,'2006-08-08','Tor Books',256,3.97,NULL),(599,NULL,1,671742515,'The Long Dark Tea-Time of the Soul (Dirk Gently  #2)',1,202,'en',67803,'1991-02-15','Pocket Books',307,4.06,NULL),(600,NULL,3,345455290,'The Salmon of Doubt (Dirk Gently  #3)',0,102,'eng',22091,'2005-04-26','Del Rey',298,3.93,NULL),(601,NULL,2,345476514,'Wish You Were Here: The Official Biography of Douglas Adams',2,203,'eng',2623,'2005-12-27','Del Rey',368,4.14,NULL),(602,NULL,3,345368436,'Douglas Adams\'s Starship Titanic',3,101,'eng',885,'1998-10-27','Ballantine Books',256,3.6,NULL),(603,NULL,1,1417622857,'Salmon of Doubt: Hitchhiking the Galaxy One Last Time',3,306,'eng',5,'2003-07-01','Turtleback Books',336,3.93,NULL),(604,NULL,2,573650969,'The Phantom Tollbooth: A Children\'s Play in Two Acts',3,207,'eng',100,'2011-01-12','Samuel French  Inc.',72,4.13,NULL),(605,NULL,3,691122946,'On Bullshit',2,208,'eng',9358,'2005-01-30','Princeton University Press',67,3.57,NULL),(606,NULL,1,393329402,'Another Bullshit Night in Suck City',1,209,'eng',9318,'2005-09-12','W. W. Norton & Company',347,3.78,NULL),(607,NULL,3,671867423,'Lincoln at Gettysburg: The Words That Remade America',0,108,'en',120,'1993-06-12','Simon & Schuster',317,4.14,NULL),(608,NULL,3,395883970,'The Gettysburg Address',1,202,'eng',5239,'1998-02-02','HMH Books for Young Readers',32,4.53,NULL),(609,NULL,1,684848155,'Underworld',3,305,'eng',1505,'1998-07-09','Scribner',827,3.92,NULL),(610,NULL,1,140156046,'Libra',3,306,'eng',11857,'1991-05-01','Penguin',480,3.99,NULL),(611,NULL,2,140119485,'Americana',2,101,'eng',393,'1989-07-06','Penguin Books',377,3.43,NULL),(612,NULL,2,679722947,'Running Dog',1,201,'eng',1356,'1989-07-17','Vintage Contemporaries',256,3.43,NULL),(613,NULL,1,743244257,'Cosmopolis',0,202,'eng',460,'2004-04-06','Scribner',224,3.22,NULL),(614,NULL,3,140179178,'Great Jones Street',2,102,'eng',2492,'1994-01-01','Penguin Books',272,3.48,NULL),(615,NULL,3,679722955,'The Names',0,203,'eng',3100,'1989-07-17','Vintage',339,3.64,NULL),(616,NULL,1,1594201200,'Against the Day',2,101,'eng',5296,'2006-11-21','Penguin Press',1085,4.13,NULL),(617,NULL,2,60930217,'V.',1,306,'eng',1415,'2005-07-05','Harper Perennial Modern Classics',547,3.96,NULL),(618,NULL,3,60931671,'The Crying of Lot 49',2,207,'eng',2161,'1999-04-01','Harper Perennial',152,3.69,NULL),(619,NULL,1,140283382,'Gravity\'s Rainbow',1,208,'eng',762,'2000-01-01','Penguin Books',784,4.01,NULL),(620,NULL,3,312423209,'Mason & Dixon',3,209,'eng',8086,'2004-01-03','Picador USA',773,4.07,NULL),(621,NULL,2,141180633,'Vineland',2,108,'en',702,'1997-09-01','Penguin Classics',385,3.69,NULL),(622,NULL,3,143039946,'Gravity\'s Rainbow',2,202,'eng',29764,'2006-10-31','Penguin Books',776,4.01,NULL),(623,NULL,1,316724432,'Slow Learner: Early Stories',1,305,'eng',334,'1985-04-30','Back Bay Books',193,3.5,NULL),(624,NULL,1,140189300,'Been Down So Long It Looks Like Up To Me',2,306,'eng',2473,'1996-08-29','Penguin Classics',352,3.8,NULL),(625,NULL,1,1400043140,'The Year of Magical Thinking',3,101,'en',2656,'2005-10-04','Knopf Publishing Group',227,3.89,NULL),(626,NULL,1,374522219,'The White Album',1,201,'eng',11889,'1990-10-01','Farrar Straus Giroux',222,4.17,NULL),(627,NULL,3,679754865,'A Book of Common Prayer',0,202,'eng',2962,'1995-04-11','Vintage International',272,3.8,NULL),(628,NULL,3,679752862,'Where I Was From',3,102,'eng',2842,'2004-09-14','Vintage',240,3.86,NULL),(629,NULL,2,374521727,'Slouching Towards Bethlehem',1,203,'eng',26934,'1990-10-01','Farrar Straus Giroux',238,4.21,NULL),(630,NULL,2,679754857,'Democracy',2,101,'en',2070,'1995-04-25','Vintage International',234,3.81,NULL),(631,NULL,1,307264874,'We Tell Ourselves Stories in Order to Live: Collected Nonfiction',1,306,'eng',1564,'2006-10-17','Everyman\'s Library',1122,4.5,NULL),(632,NULL,1,374529949,'Play It As It Lays',1,207,'eng',23656,'2005-11-15','Farrar  Straus and Giroux',231,3.87,NULL),(633,NULL,2,143039830,'The New York Trilogy',2,208,'eng',43200,'2006-03-28','Penguin Classics',308,3.89,NULL),(634,NULL,3,140097317,'City of Glass (The New York Trilogy  #1)',1,209,'eng',12410,'1987-04-07','Penguin Books',203,3.79,NULL),(635,NULL,2,140097350,'Ghosts (The New York Trilogy  #2)',1,108,'eng',3672,'1987-07-07','Penguin Books',96,3.64,NULL),(636,NULL,1,940650762,'The Locked Room (The New York Trilogy  #3)',1,202,'eng',2998,'1986-11-01','Sun and Moon Press',179,3.89,NULL),(637,NULL,1,963188925,'Pyramids of Montauk: Explorations in Consciousness',1,305,'eng',74,'1995-01-01','Sky Books (NY)',256,3.89,NULL),(638,NULL,1,312426232,'The Brooklyn Follies',1,306,'eng',17977,'2006-10-17','Picador',306,3.84,NULL),(639,NULL,3,140115854,'Moon Palace',1,101,'eng',16099,'1990-04-01','Penguin Books',320,3.94,NULL),(640,NULL,1,140154078,'The Music of Chance',2,201,'en',361,'1991-12-01','Penguin Books',217,3.9,NULL),(641,NULL,1,805081453,'Travels in the Scriptorium',1,202,'eng',6688,'2007-01-23','Henry Holt & Company',145,3.23,NULL),(642,NULL,3,140178139,'Leviathan',1,102,'eng',11744,'1993-09-01','Penguin Books',275,3.96,NULL),(643,NULL,2,811214982,'The Red Notebook: True Stories',1,203,'eng',2390,'2002-06-17','New Directions',104,3.77,NULL),(644,NULL,1,2742741461,'Timbuktu / Leviathan / Moon Palace',0,101,'fre',21,'2002-11-07','Actes Sud',1075,4.38,NULL),(645,NULL,1,143036556,'Collapse: How Societies Choose to Fail or Succeed',1,306,'eng',52522,'2005-12-27','Penguin Books Ltd. (London)',608,3.93,NULL),(646,NULL,1,446579785,'The Coming Economic Collapse: How You Can Thrive When Oil Costs $200 a Barrel',1,207,'en',213,'2006-02-01','Business Plus',211,3.4,NULL),(647,NULL,1,521386730,'Collapse of Complex Societies',2,208,'eng',719,'1990-03-29','Cambridge University Press',262,4.15,NULL),(648,NULL,2,743203046,'Bowling Alone: The Collapse and Revival of American Community',0,209,'eng',4762,'2001-08-07','Simon  Schuster',544,3.8,NULL),(649,NULL,2,345438710,'The Collapse of the Common Good: How America\'s Lawsuit Culture Undermines Our Freedom',2,108,'eng',62,'2002-01-29','Ballantine Books',272,3.91,NULL),(650,NULL,2,393318281,'Reinventing the Enemy\'s Language: Contemporary Native Women\'s Writings of North America',2,202,'eng',278,'1998-09-17','W. W. Norton  Company',576,4.39,NULL),(651,NULL,2,1599869942,'My Inventions',0,305,'eng',2862,'2006-05-17','Filiquarian Publishing  LLC.',88,4.01,NULL),(652,NULL,2,806519606,'Wizard: The Life and Times of Nikola Tesla: Biography of a Genius',0,306,'eng',2829,'2001-02-01','Citadel',542,3.78,NULL),(653,NULL,3,822549204,'Nikola Tesla: A Spark of Genius',0,101,'eng',105,'1994-10-01','Lerner Publications',144,3.93,NULL),(654,NULL,1,932813860,'Tesla Papers',0,201,'eng',102,'2000-12-01','Adventures Unlimited Press',100,4.13,NULL),(655,NULL,1,373792689,'Boys of Summer',1,202,'eng',478,'2006-06-27','Harlequin Blaze',249,3.77,NULL),(656,NULL,2,974514055,'Programming Ruby: The Pragmatic Programmers\' Guide',3,102,'en',1577,'2004-10-11','Pragmatic Bookshelf',828,4.03,NULL),(657,NULL,3,764585975,'Golding\'s Lord of the Flies (Cliffs Notes)',3,203,'eng',73,'2000-06-13','Cliffs Notes',112,3.95,NULL),(658,NULL,1,307281701,'Lord of the Flies',3,101,'eng',408,'2005-10-11','Listening Library (Audio)',6,3.68,NULL),(659,NULL,3,812969707,'A War Like No Other: How the Athenians & Spartans Fought the Peloponnesian War',2,306,'eng',1693,'2006-09-12','Random House',397,4.11,NULL),(660,NULL,3,60255080,'We Were Not Like Other People',2,207,'eng',1,'1989-01-01','HarperCollins Publishers',216,4.14,NULL),(661,NULL,3,330485385,'The Lovely Bones',3,208,'en',6485,'2003-06-01','Picador',328,3.81,NULL),(662,NULL,3,1594130230,'The Lovely Bones',1,209,'en',367,'2004-04-01','Large Print Press',532,3.81,NULL),(663,NULL,2,345360354,'Lovely in Her Bones (Elizabeth MacPherson  #2)',1,108,'eng',1371,'1990-05-13','Ballantine Books',224,3.8,NULL),(664,NULL,1,321303474,'The Zen of CSS Design: Visual Enlightenment for the Web',2,202,'en',793,'2005-02-17','Peachpit Press',296,3.98,NULL),(665,NULL,2,321430840,'HTML  XHTML  and CSS (Visual Quickstart Guide)',3,305,'en',549,'2006-08-01','Peachpit Press',456,3.8,NULL),(666,NULL,2,3822840858,'1000 Record Covers',3,306,'mul',288,'2005-05-15','Taschen',575,3.85,NULL),(667,NULL,1,743264460,'Killing Yourself to Live: 85% of a True Story',0,101,'eng',26381,'2006-06-13','Scribner',245,3.81,NULL),(668,NULL,3,743236017,'Sex  Drugs  and Cocoa Puffs: A Low Culture Manifesto',3,201,'eng',62089,'2004-07-02','Scribner',272,3.73,NULL),(669,NULL,2,553572490,'Vice (V  #8)',1,202,'eng',474,'1996-05-02','Bantam',419,3.51,NULL),(670,NULL,3,60589469,'Zen and the Art of Motorcycle Maintenance: An Inquiry Into Values (Phaedrus  #1)',3,102,'eng',166046,'2006-04-25','HarperTorch',540,3.77,NULL),(671,NULL,1,802789471,'Once Upon a Cool Motorcycle Dude',0,203,'eng',1773,'2005-04-01','Walker & Company',32,4.08,NULL),(672,NULL,3,688060692,'Guidebook to Zen and the Art of Motorcycle Maintenance',3,101,'en',286,'1990-11-19','William Morrow Paperbacks',408,3.72,NULL),(673,NULL,3,1859605150,'Motorcycle Basics Techbook',1,306,'eng',40,'2002-07-05','Haynes Manuals N. America  Inc.',222,3.85,NULL),(674,NULL,1,1592530877,'LOGO Lounge: 2 000 International Identities by Leading Designers',3,207,'eng',27,'2004-09-01','Rockport Publishers',191,3.93,NULL),(675,NULL,2,451528808,'The Death of Ivan Ilych And Other Stories',0,208,'eng',7300,'2003-04-01','Signet Classics',304,4.11,NULL),(676,NULL,1,192833987,'War and Peace',2,209,'eng',211671,'1998-06-25','Oxford University Press',1392,4.11,NULL),(677,NULL,3,486451380,'The Kingdom of God Is Within You',1,108,'eng',2403,'2006-09-08','Dover Publications',352,4.13,NULL),(678,NULL,1,452011876,'Atlas Shrugged',3,202,'eng',322483,'1999-08-01','Plume',1168,3.69,NULL),(679,NULL,1,451163087,'For the New Intellectual: The Philosophy of Ayn Rand',1,305,'eng',2750,'1963-12-01','Signet Book',224,3.68,NULL),(680,NULL,2,452286751,'The Fountainhead',3,306,'en',1886,'2005-04-26','Dutton',752,3.87,NULL),(681,NULL,2,451163931,'The Virtue of Selfishness: A New Concept of Egoism',1,101,'eng',11462,'1964-11-01','Signet',176,3.51,NULL),(682,NULL,2,452281253,'Anthem',3,201,'eng',110952,'1999-12-01','NAL',105,3.63,NULL),(683,NULL,3,451187849,'We the Living',0,202,'eng',23199,'1996-01-01','Signet',464,3.91,NULL),(684,NULL,3,451147952,'Capitalism: The Unknown Ideal',0,102,'eng',3501,'1986-07-15','Signet',340,3.88,NULL),(685,NULL,3,452274044,'Letters of Ayn Rand',0,203,'eng',18,'1997-02-01','NAL',681,3.96,NULL),(686,NULL,3,471791431,'Sailing for Dummies',3,101,'eng',150,'2006-06-01','For Dummies',416,3.95,NULL),(687,NULL,1,553803816,'Sailing from Byzantium: How a Lost Empire Shaped the World',2,306,'eng',646,'2006-07-25','Delacorte Press',368,3.88,NULL),(688,NULL,2,375755195,'Sailing Alone Around the Room: New and Selected Poems',2,207,'eng',12180,'2002-09-17','Random House Trade Paperbacks',192,4.23,NULL),(689,NULL,1,1592283195,'The Greatest Sailing Stories Ever Told: Twenty-Seven Unforgettable Stories',0,208,'eng',51,'2004-04-01','Lyons Press',286,3.62,NULL),(690,NULL,2,975599518,'\"Natural Cures \"\"They\"\" Don\'t Want You to Know about\"',0,209,'en',1601,'2004-01-01','Alliance Publishing',571,3.09,NULL),(691,NULL,3,374502005,'The Natural',0,108,'eng',8854,'2003-07-07','Farrar Straus Giroux',231,3.63,NULL),(692,NULL,3,307263940,'Digging to America',1,202,'eng',17155,'2006-05-02','Alfred A. Knopf',277,3.55,NULL),(693,NULL,2,312405545,'Rereading America: Cultural Contexts for Critical Thinking and Writing',3,305,'eng',44,'2004-01-21','Bedford Books',826,3.77,NULL),(694,NULL,1,195170130,'Modern Latin America',1,306,'en',234,'2004-10-07','Oxford University Press  USA',528,3.59,NULL),(695,NULL,3,1400079497,'The Plot Against America',0,101,'eng',33321,'2005-09-27','Vintage International',391,3.77,NULL),(696,NULL,1,688171621,'Naked Pictures of Famous People',3,201,'en',8703,'1999-09-22','Dey Street Books',164,3.59,NULL),(697,NULL,3,60932686,'Collected Stories',3,202,'eng',6375,'2008-05-13','Harper Perennial Modern Classics',352,4.19,NULL),(698,NULL,2,1400034957,'Cronica de una muerte anunciada',3,102,'spa',7888,'2003-10-14','Vintage Espanol',118,3.97,NULL),(699,NULL,2,307350428,'Cien anos de soledad',3,203,'spa',130,'2006-02-07','Plaza y Janes',496,4.07,NULL),(700,NULL,1,307350444,'Del amor y otros demonios',0,101,'spa',4508,'2006-02-07','Plaza y Janes',176,3.98,NULL),(701,NULL,2,1400034540,'Living to Tell the Tale',3,306,'eng',397,'2004-10-12','Vintage',533,3.99,NULL),(702,NULL,3,1400095808,'Memoria de mis putas tristes',0,207,'spa',5856,'2004-10-19','Vintage Espanol',112,3.6,NULL),(703,NULL,3,375708111,'The Elegant Universe: Superstrings  Hidden Dimensions  and the Quest for the Ultimate Theory',0,208,'eng',32569,'2004-09-02','Vintage Books USA',425,4.07,NULL),(704,NULL,3,861714920,'Pure and Simple: The Extraordinary Teachings of a Thai Buddhist Laywoman',1,209,'eng',37,'2005-05-15','Wisdom Publications',288,4.29,NULL),(705,NULL,1,1843535840,'The Mini Rough Guide to London',1,108,'eng',1,'2006-04-01','Rough Guides',363,3.75,NULL),(706,NULL,3,1740594770,'Best of London (Lonely Planet Best Of)',0,202,'eng',11,'2004-09-01','Lonely Planet',128,3.83,NULL),(707,NULL,1,8408064762,'Lonely Planet Londres',3,305,'spa',0,'2006-05-01','Geoplaneta',480,4.03,NULL),(708,NULL,3,1740592050,'Out to Eat London 2002 (Lonely Planet Out to Eat)',3,306,'eng',0,'2001-09-01','Lonely Planet',295,0,NULL),(709,NULL,2,618710531,'Three Nights in August: Strategy  Heartbreak  and Joy Inside the Mind of a Manager',3,101,'eng',6870,'2006-04-04','Mariner Books',287,3.88,NULL),(710,NULL,1,60512806,'Cryptonomicon',1,201,'eng',83184,'2002-11-01','Avon',1139,4.25,NULL),(711,NULL,3,2228894168,'Le Reseau Kinakuta (Cryptonomicon  #2)',3,202,'fre',5,'2001-03-31','Payot',418,4.1,NULL),(712,NULL,2,60733357,'The Confusion (The Baroque Cycle  #2)',1,102,'en',19320,'2005-06-14','William Morrow Paperbacks',815,4.26,NULL),(713,NULL,2,60593083,'Quicksilver (The Baroque Cycle  #1)',1,203,'eng',30872,'2004-09-21','HarperCollins Perennial',927,3.93,NULL),(714,NULL,1,553383442,'The Cobweb',1,101,'eng',2465,'2005-05-31','Spectra Books',448,3.61,NULL),(715,NULL,1,380816032,'The Big U',0,306,'en',4657,'2001-02-06','William Morrow Paperbacks',308,3.25,NULL),(716,NULL,2,553380966,'The Diamond Age: Or  A Young Lady\'s Illustrated Primer',2,207,'eng',71042,'2000-05-02','Spectra',499,4.19,NULL),(717,NULL,1,553383434,'Interface',3,208,'eng',4731,'2005-05-31','Spectra',640,3.68,NULL),(718,NULL,2,60833181,'Odalisque (The Baroque Cycle  Vol. 1  Book 3)',3,209,'en',1567,'2006-03-28','HarperTorch',464,4.2,NULL),(719,NULL,2,553380958,'Snow Crash',0,108,'eng',188100,'2000-08-02','Bantam Books',438,4.03,NULL),(720,NULL,2,1880685353,'Harrington on Hold \'em: Expert Strategy for No-Limit Tournaments  Volume II: The Endgame',2,202,'eng',1474,'2005-06-01','Two Plus Two Publishing LLC',450,4.16,NULL),(721,NULL,3,1880685337,'Harrington on Hold \'em: Expert Strategy for No-Limit Tournaments  Volume I: Strategic Play',0,305,'eng',1929,'2004-12-01','Two Plus Two Publishing LLC',381,4.24,NULL),(722,NULL,3,465067107,'The Design of Everyday Things',3,306,'eng',18602,'2002-09-19','Basic Books',240,4.17,NULL),(723,NULL,1,439785960,'Harry Potter and the Half-Blood Prince (Harry Potter  #6)',2,101,'eng',2095690,'2006-09-16','Scholastic Inc.',652,4.57,NULL),(724,NULL,1,439358078,'Harry Potter and the Order of the Phoenix (Harry Potter  #5)',2,201,'eng',2153167,'2004-09-01','Scholastic Inc.',870,4.49,NULL),(725,NULL,2,439554896,'Harry Potter and the Chamber of Secrets (Harry Potter  #2)',1,202,'eng',6333,'2003-11-01','Scholastic',352,4.42,NULL),(726,NULL,2,439655480,'Harry Potter and the Prisoner of Azkaban (Harry Potter  #3)',2,102,'eng',2339585,'2004-05-01','Scholastic Inc.',435,4.56,NULL),(727,NULL,1,439682584,'Harry Potter Boxed Set  Books 1-5 (Harry Potter  #1-5)',1,203,'eng',41428,'2004-09-13','Scholastic',2690,4.78,NULL),(728,NULL,1,976540606,'\"Unauthorized Harry Potter Book Seven News: \"\"Half-Blood Prince\"\" Analysis and Speculation\"',1,101,'en',19,'2005-04-26','Nimble Books',152,3.74,NULL),(729,NULL,3,439827604,'Harry Potter Collection (Harry Potter  #1-6)',2,306,'eng',28242,'2005-09-12','Scholastic',3342,4.73,NULL),(730,NULL,2,517226952,'The Ultimate Hitchhiker\'s Guide: Five Complete Novels and One Story (Hitchhiker\'s Guide to the Galaxy  #1-5)',0,207,'eng',3628,'2005-11-01','Gramercy Books',815,4.38,NULL),(731,NULL,2,345453743,'The Ultimate Hitchhiker\'s Guide to the Galaxy (Hitchhiker\'s Guide to the Galaxy  #1-5)',0,208,'eng',249558,'2002-04-30','Del Rey Books',815,4.38,NULL),(732,NULL,1,1400052920,'The Hitchhiker\'s Guide to the Galaxy (Hitchhiker\'s Guide to the Galaxy  #1)',1,209,'eng',4930,'2004-08-03','Crown',215,4.22,NULL),(733,NULL,3,739322206,'The Hitchhiker\'s Guide to the Galaxy (Hitchhiker\'s Guide to the Galaxy  #1)',2,108,'eng',1266,'2005-03-23','Random House Audio',6,4.22,NULL),(734,NULL,3,517149257,'The Ultimate Hitchhiker\'s Guide (Hitchhiker\'s Guide to the Galaxy  #1-5)',3,202,'eng',2877,'1996-01-17','Wings Books',815,4.38,NULL),(735,NULL,3,767908180,'A Short History of Nearly Everything',2,305,'eng',248558,'2004-09-14','Broadway Books',544,4.21,NULL),(736,NULL,2,767915062,'Bill Bryson\'s African Diary',1,306,'eng',7270,'2002-12-03','Broadway Books',55,3.44,NULL),(737,NULL,2,767910435,'Bryson\'s Dictionary of Troublesome Words: A Writer\'s Guide to Getting It Right',3,101,'eng',2088,'2004-09-14','Broadway Books',256,3.87,NULL),(738,NULL,2,767903862,'In a Sunburned Country',1,201,'eng',72451,'2001-05-15','Broadway Books',335,4.07,NULL),(739,NULL,3,767903820,'I\'m a Stranger Here Myself: Notes on Returning to America After Twenty Years Away',1,202,'eng',49240,'2000-06-28','Broadway Books',304,3.9,NULL),(740,NULL,3,60920084,'The Lost Continent: Travels in Small Town America',3,102,'eng',45712,'1990-08-28','William Morrow Paperbacks',299,3.83,NULL),(741,NULL,1,380713802,'Neither Here nor There: Travels in Europe',0,203,'eng',48701,'1993-03-28','William Morrow Paperbacks',254,3.86,NULL),(742,NULL,2,380727501,'Notes from a Small Island',0,101,'eng',80609,'1997-05-28','William Morrow Paperbacks',324,3.91,NULL),(743,NULL,3,380715430,'The Mother Tongue: English and How It Got That Way',3,306,'eng',28489,'1991-09-28','William Morrow Paperbacks',270,3.93,NULL),(744,NULL,3,345538374,'J.R.R. Tolkien 4-Book Boxed Set: The Hobbit and The Lord of the Rings',1,207,'eng',101233,'2012-09-25','Ballantine Books',1728,4.59,NULL),(745,NULL,3,618517650,'The Lord of the Rings (The Lord of the Rings  #1-3)',2,208,'eng',1710,'2004-10-21','Houghton Mifflin Harcourt',1184,4.5,NULL),(746,NULL,1,618346252,'The Fellowship of the Ring (The Lord of the Rings  #1)',0,209,'eng',2128944,'2003-09-05','Houghton Mifflin Harcourt',398,4.36,NULL),(747,NULL,1,618260587,'The Lord of the Rings (The Lord of the Rings  #1-3)',2,108,'en',1618,'2002-10-01','Houghton Mifflin Harcourt',1216,4.5,NULL),(748,NULL,2,618391002,'The Lord of the Rings: Weapons and Warfare',0,202,'eng',19822,'2003-11-05','Houghton Mifflin Harcourt',218,4.53,NULL),(749,NULL,1,618510826,'The Lord of the Rings: Complete Visual Companion',0,305,'eng',359,'2004-11-15','Houghton Mifflin Harcourt',224,4.5,NULL),(750,NULL,1,976694000,'Agile Web Development with Rails: A Pragmatic Guide',1,306,'eng',1430,'2005-07-28','Pragmatic Bookshelf',558,3.84,NULL),(751,NULL,1,689840926,'Hatchet (Brian\'s Saga  #1)',0,101,'eng',270244,'2000-04-01','Atheneum Books for Young Readers: Richard Jackson Books',208,3.72,NULL),(752,NULL,2,1557344493,'\"Hatchet: A Guide for Using \"\"Hatchet\"\" in the Classroom\"',3,201,'eng',36,'1994-08-28','Teacher Created Resources',48,4,NULL),(753,NULL,2,385326505,'Guts: The True Stories behind Hatchet and the Brian Books',1,202,'eng',2067,'2001-01-23','Delacorte Press',144,3.88,NULL),(754,NULL,3,1575606240,'Molly Hatchet - 5 of the Best',0,102,'eng',6,'2003-06-10','Cherry Lane Music Company',56,4.33,NULL),(755,NULL,3,1595580271,'Hatchet Jobs: Writings on Contemporary Fiction',2,203,'en',99,'2005-11-01','The New Press',228,3.45,NULL),(756,NULL,3,1595962808,'A Changeling for All Seasons (Changeling Seasons #1)',3,101,'eng',167,'2005-11-01','Changeling Press',304,3.76,NULL),(757,NULL,2,670059676,'Changeling (Changeling  #1)',0,306,'eng',978,'2006-08-17','Viking Juvenile',256,3.6,NULL),(758,NULL,1,141312629,'The Changeling Sea',0,207,'eng',4454,'2003-04-14','Firebird',137,4.06,NULL),(759,NULL,3,595321801,'The Changeling',2,208,'eng',1176,'2004-06-08','iUniverse',228,4.17,NULL),(760,NULL,2,1590301943,'The Changeling',3,209,'eng',301,'2005-04-12','Shambhala',339,3.55,NULL),(761,NULL,1,449146979,'The Changeling (Daughters of England  #15)',1,108,'eng',345,'1990-08-28','Ivy Books',369,3.98,NULL),(762,NULL,3,61159174,'The Known World',3,202,'eng',29686,'2006-08-29','Amistad',388,3.83,NULL),(763,NULL,1,60762730,'The Known World',1,305,'en',55,'2004-06-15','HarperAudio',14,3.83,NULL),(764,NULL,2,60749911,'The Known World',1,306,'eng',22,'2004-06-15','Harper',576,3.83,NULL),(765,NULL,3,273704745,'Traders  Guns & Money: Knowns and Unknowns in the Dazzling World of Derivatives',1,101,'eng',1456,'2006-05-15','FT Press',334,3.83,NULL),(766,NULL,1,1932386106,'Artesia: Adventures in the Known World',2,201,'eng',52,'2005-12-14','Archaia',352,4.13,NULL),(767,NULL,3,374517193,'The John McPhee Reader (John McPhee Reader  #1)',1,202,'eng',562,'1982-06-01','Farrar  Straus and Giroux',416,4.42,NULL),(768,NULL,1,374280398,'Uncommon Carriers',1,102,'en',1630,'2006-05-16','Farrar Straus Giroux',248,3.95,NULL),(769,NULL,1,374519749,'Heirs of General Practice',0,203,'eng',268,'1986-04-01','Farrar  Straus and Giroux',128,4.17,NULL),(770,NULL,3,374522596,'The Control of Nature',0,101,'en',3498,'1990-09-01','Farrar  Straus and Giroux',288,4.24,NULL),(771,NULL,1,374518734,'Annals of the Former World',1,306,'eng',3115,'1999-01-06','Farrar  Straus and Giroux',720,4.34,NULL),(772,NULL,2,374522871,'Coming Into the Country',1,207,'eng',5704,'1991-04-01','Farrar  Straus and Giroux',448,4.22,NULL),(773,NULL,2,374519323,'La Place de la Concorde Suisse',2,208,'fre',698,'1994-04-01','Farrar  Straus and Giroux',160,3.92,NULL),(774,NULL,1,374516006,'Giving Good Weight',3,209,'eng',542,'1994-04-01','Farrar  Straus and Giroux',288,4.23,NULL),(775,NULL,1,374520658,'Rising from the Plains',0,108,'eng',1341,'1987-11-01','Farrar  Straus and Giroux',208,4.23,NULL),(776,NULL,1,822205106,'The Heidi Chronicles',3,202,'eng',1423,'2002-03-01','Dramatists Play Service',81,3.75,NULL),(777,NULL,3,679734996,'The Heidi Chronicles: Uncommon Women and Others & Isn\'t It Romantic',2,305,'eng',2766,'1991-07-02','Vintage',249,3.84,NULL),(778,NULL,2,1596670231,'Active Literacy Across the Curriculum: Strategies for Reading  Writing  Speaking  and Listening',3,306,'eng',31,'2006-03-29','Routledge',138,3.94,NULL),(779,NULL,2,1581807740,'Simply Beautiful Beaded Jewelry',2,101,'en',62,'2006-03-14','North Light Books',128,3.77,NULL),(780,NULL,2,800793617,'Always Enough: God\'s Miraculous Provision Among the Poorest Children on Earth',0,201,'eng',860,'2003-09-01','Chosen Books',192,4.46,NULL),(781,NULL,3,871202867,'Mapping the Big Picture: Integrating Curriculum & Assessment K-12',3,202,'en',77,'1997-01-28','Association for Supervision & Curriculum Development',108,3.68,NULL),(782,NULL,2,753454947,'Heidi (Heidi  #1-2)',3,102,'eng',153317,'2002-11-15','Kingfisher',352,3.99,NULL),(783,NULL,2,871209993,'Getting Results with Curriculum Mapping',2,203,'eng',55,'2004-11-15','ASCD',192,3.25,NULL),(784,NULL,1,1852402873,'There\'s Always Enough: The Miraculous Move of God in Mozambique',2,101,'eng',34,'2003-04-28','Sovereign World',192,4.46,NULL),(785,NULL,3,761129588,'What to Expect the First Year (What to Expect)',2,306,'eng',11797,'2003-10-16','Workman Publishing Company',832,3.89,NULL),(786,NULL,3,972016414,'The Player\'s Handbook: The Ultimate Guide on Dating and Relationships',2,207,'eng',34,'2004-05-10','One Hour Entertainment',123,3.82,NULL),(787,NULL,3,1581805632,'Simply Beautiful Beading: 53 Quick and Easy Projects',1,208,'en',78,'2004-08-19','North Light Books',128,3.78,NULL),(788,NULL,2,441294677,'God Emperor of Dune (Dune Chronicles  #4)',1,209,'eng',2785,'1987-06-15','Ace Books',423,3.84,NULL),(789,NULL,2,441102670,'Chapterhouse: Dune (Dune Chronicles #6)',2,108,'eng',38778,'1987-07-01','Ace Books',436,3.91,NULL),(790,NULL,1,441172695,'Dune Messiah (Dune Chronicles #2)',3,202,'eng',97494,'1987-07-15','Ace Books',331,3.88,NULL),(791,NULL,3,765306476,'Dreamer of Dune: The Biography of Frank Herbert',3,305,'en',784,'2004-07-01','Tor Books',592,4.01,NULL),(792,NULL,3,399128980,'Heretics of Dune (Dune Chronicles  #5)',2,306,'eng',272,'1984-04-16','Putnam',480,3.86,NULL),(793,NULL,2,765353709,'The Road to Dune',0,101,'eng',4789,'2006-08-29','Tor Science Fiction',426,3.88,NULL),(794,NULL,3,441328008,'Heretics of Dune (Dune Chronicles #5)',3,201,'eng',45388,'1987-08-15','Ace Books',471,3.86,NULL),(795,NULL,2,618212906,'The Lord of the Rings: The Art of the Fellowship of the Ring',2,202,'eng',26153,'2002-06-12','Houghton Mifflin Harcourt',192,4.59,NULL),(796,NULL,2,345410050,'The Power of One (The Power of One  #1)',1,102,'eng',69167,'1996-09-29','Ballantine Books',544,4.35,NULL),(797,NULL,1,385732546,'The Power of One (The Power of One  #1)',3,203,'eng',45,'2005-09-13','Delacorte Books for Young Readers',291,4.35,NULL),(798,NULL,2,785260056,'The Power of One: One Person  One Rule  One Month',2,101,'en',16,'2004-11-01','Thomas Nelson',256,4.28,NULL),(799,NULL,2,471780936,'Power of an Hour: Business and Life Mastery in One Hour a Week',1,306,'eng',174,'2006-05-19','Wiley',205,3.34,NULL),(800,NULL,1,325001537,'The Power of One: The Solo Play for Playwrights  Actors  and Directors',3,207,'eng',10,'2000-02-07','Heinemann Drama',240,3.67,NULL),(801,NULL,1,60762870,'How to Buy  Sell & Profit on eBay: Kick-Start Your Home-Based Business in Just Thirty Days',0,208,'eng',76,'2005-05-03','William Morrow Paperbacks',336,3.48,NULL),(802,NULL,2,470045299,'eBay for Dummies',0,209,'eng',111,'2006-10-30','Wiley',386,3.5,NULL),(803,NULL,3,72262788,'What to Sell on ebay and Where to Get It: The Definitive Guide to Product Sourcing for eBay and Beyond',1,108,'eng',24,'2006-01-24','McGraw-Hill',260,3.62,NULL),(804,NULL,2,764569244,'Starting an eBay Business for Dummies',2,202,'eng',55,'2004-09-17','Wiley',384,3.55,NULL),(805,NULL,1,471933821,'eBay: Top 100 Simplified Tips & Tricks',2,305,'eng',9,'2006-06-06','Wiley',260,4.27,NULL),(806,NULL,2,764559915,'ebay Timesaving Techniques for Dummies',3,306,'en',22,'2004-05-31','Wiley',391,3.39,NULL),(807,NULL,3,764584383,'eBay Business All-in-One Desk Reference for Dummies',3,101,'en',17,'2005-04-25','Wiley',864,3.89,NULL),(808,NULL,2,596523696,'Ruby Cookbook',3,201,'eng',166,'2006-07-29','O\'Reilly Media',873,3.84,NULL),(809,NULL,2,806523492,'Ruby Ann\'s Down Home Trailer Park Cookbook',0,202,'eng',50,'2005-05-03','Citadel',240,4.12,NULL),(810,NULL,1,806525363,'Ruby Ann\'s Down Home Trailer Park BBQin\' Cookbook',0,102,'eng',13,'2005-05-03','Citadel',206,4.08,NULL),(811,NULL,3,596527314,'Rails Cookbook: Recipes for Rapid Web Development with Ruby',3,203,'eng',64,'2007-01-01','O\'Reilly Media',514,3.48,NULL),(812,NULL,1,143035002,'Anna Karenina',0,101,'eng',16643,'2004-05-31','Penguin Classics',838,4.05,NULL),(813,NULL,3,451528611,'Anna Karenina',2,306,'eng',109420,'2002-11-05','Signet',960,4.05,NULL),(814,NULL,3,140449175,'Anna Karenina',3,207,'eng',2904,'2003-01-30','Penguin Books',837,4.05,NULL),(815,NULL,3,822001837,'CliffsNotes on Tolstoy\'s Anna Karenina',0,208,'eng',16,'1965-11-26','Cliffs Notes',80,3.85,NULL),(816,NULL,1,1593080271,'Anna Karenina',0,209,'eng',9564,'2003-07-01','Barnes & Noble Classics',803,4.05,NULL),(817,NULL,3,486437965,'Anna Karenina',0,108,'eng',474,'2004-11-23','Dover Publications',752,4.05,NULL),(818,NULL,2,1593081774,'Anna Karenina',2,202,'eng',303,'2004-08-26','Barnes & Noble',803,4.05,NULL),(819,NULL,1,778322270,'Dinner with Anna Karenina',2,305,'eng',411,'2006-01-28','Mira Books',360,2.99,NULL),(820,NULL,1,521313252,'Tolstoy: Anna Karenina',1,306,'eng',1204,'1987-11-26','Cambridge University Press',128,4.19,NULL),(821,NULL,2,140183957,'Untouchable',2,101,'eng',3429,'1990-07-03','Penguin Books',160,3.71,NULL),(822,NULL,2,679767479,'The Untouchable',2,201,'eng',2163,'1998-06-30','Vintage',367,3.95,NULL),(823,NULL,1,1568491980,'The Untouchables',3,202,'eng',613,'1996-02-01','Buccaneer Books',256,3.89,NULL),(824,NULL,3,743270797,'Untouchables: My Family\'s Triumphant Journey Out of the Caste System in Modern India',3,102,'en',308,'2005-09-27','Scribner',320,3.82,NULL),(825,NULL,1,932863051,'Dalit: The Black Untaouchables of India',2,203,'eng',10,'1995-01-28','Clarity Press',100,4.2,NULL),(826,NULL,2,742508803,'Growing Up Untouchable in India: A Dalit Autobiography',2,101,'eng',16,'2000-12-20','Rowman & Littlefield Publishers',224,3.65,NULL),(827,NULL,1,205358624,'The Evidence-Based Social Work Skills Book',3,306,'eng',10,'2003-09-22','Pearson',216,3.4,NULL),(828,NULL,3,1557344035,'\"A Wrinkle in Time: A Guide for Using \"\"A Wrinkle in Time\"\" in the Classroom\"',0,207,'eng',17,'1991-09-28','Teacher Created Resources',48,4,NULL),(829,NULL,2,380720442,'Wrinkles in Time',3,208,'eng',1035,'1994-10-01','Harper Perennial',360,4.01,NULL),(830,NULL,2,821925326,'A Wrinkle in Time: With Related Readings (A Wrinkle in Time Quintet #1)',3,209,'eng',36,'2002-05-01','EMC/Paradigm Publishing',250,4,NULL),(831,NULL,3,439271690,'Literature Circle Guide: A Wrinkle in Time',1,108,'eng',15,'2002-01-01','Teaching Resources',32,3.6,NULL),(832,790008,1,606105263,'Una arruga en el tiempo – A Wrinkle in Time',3,202,'spa',6,'1984-06-01','Turtleback Books',205,4,19),(833,825433,1,751506435,'The Long Shadow (The Morland Dynasty  #6)',1,305,'eng',376,'1994-06-01','Little  Brown Book Group',367,4.12,6),(834,941759,3,60786710,'A Long Shadow (Inspector Ian Rutledge  #8)',3,306,'eng',3086,'2006-01-03','William Morrow',352,4.11,35),(835,313864,1,743499344,'Long Way Round: Chasing Shadows Across the World',0,101,'en',352,'2005-11-01','Atria Books',320,3.94,17),(836,978745,3,765313405,'A Shadow in Summer (Long Price Quartet  #1)',1,201,'eng',9852,'2006-03-07','Tor Books',331,3.6,1),(837,807182,1,1400032490,'New Hope for the Dead (Hoke Mosely #2)',3,202,'eng',821,'2004-08-10','Vintage Crime/Black Lizard',244,3.9,4),(838,463743,3,1400032482,'Sideswipe: A Hoke Moseley Novel',3,102,'eng',731,'2005-03-08','Vintage Crime/Black Lizard',215,4.05,5),(839,901775,3,1400032466,'Miami Blues (Hoke Moseley #1)',1,203,'eng',2897,'2004-08-10','Vintage Crime/Black Lizard',191,3.94,25),(840,197867,3,679732527,'The Burnt Orange Heresy (Vintage Crime/Black Lizard)',0,101,'eng',98,'1990-10-03','Vintage',144,3.89,4),(841,423470,2,312424442,'I am Charlotte Simmons',0,306,'eng',20888,'2005-08-30','Picador USA',738,3.42,36),(842,238361,1,806930772,'Poetry for Young People: Edward Lear',0,207,'eng',66,'2001-10-01','Sterling',48,3.91,13),(843,596366,3,140366601,'The Puffin Book of Nonsense Verse',1,208,'eng',81,'1996-10-03','Puffin',287,4.02,2),(844,725424,1,811201120,'Henry Miller on Writing',1,209,'eng',981,'1964-02-01','New Directions Publishing',217,4.22,3),(845,229037,3,802130160,'Quiet Days in Clichy',3,108,'eng',3381,'1994-01-13','Grove Press',154,3.69,6),(846,434723,2,802131786,'Tropic of Cancer',3,202,'eng',53206,'1994-01-06','Grove Press',318,3.68,37),(847,501422,3,802151825,'Tropic of Capricorn',2,305,'eng',14872,'1994-01-13','Grove Press',348,3.78,39),(848,638943,1,802151787,'Nexus (The Rosy Crucifixion  #3)',2,306,'eng',3261,'1994-01-13','Grove Press',316,4.1,12),(849,935745,2,802151809,'Sexus (The Rosy Crucifixion  #1)',2,101,'eng',7805,'1994-01-12','Grove Press',506,3.98,34),(850,750581,2,811201066,'The Air-Conditioned Nightmare',1,201,'eng',2699,'1970-01-17','New Directions',292,3.83,30),(851,468128,2,141439637,'The Portrait of a Lady',3,202,'eng',61640,'2003-09-30','Penguin Classics',797,3.78,36),(852,NULL,1,1593080964,'The Portrait of a Lady',0,102,'eng',392,'2004-01-16','Barnes  Noble Classics',635,3.78,NULL),(853,NULL,2,1571290532,'Writing',2,203,'eng',778,'1999-05-06','Brookline Books',91,3.75,NULL),(854,NULL,1,1565842219,'The War',1,101,'eng',963,'1994-08-01','The New Press',192,3.85,NULL),(855,NULL,1,394743040,'The Ravishing of Lol Stein',2,306,'en',2057,'1986-03-12','Pantheon',181,3.66,NULL),(856,NULL,2,1851681825,'Love Letters',2,207,'eng',203,'1999-07-01','One World (UK)',178,3.68,NULL),(857,NULL,3,1566562490,'Kahlil Gibran: His Life and World',0,208,'eng',35,'1998-04-01','Interlink Publishing Group',464,4.21,NULL),(858,NULL,1,140195530,'The Beloved: Reflections on the Path of the Heart',2,209,'eng',328,'1998-01-01','Penguin Books',102,4.19,NULL),(859,NULL,2,394431243,'Jesus the Son of Man',3,108,'eng',1308,'1995-02-21','Knopf',216,3.98,NULL),(860,NULL,3,806501901,'The Broken Wings',3,202,'eng',6432,'2003-03-03','Citadel',132,3.92,NULL),(861,NULL,2,679439200,'Sand and Foam',3,305,'eng',3015,'2011-06-14','Knopf',100,4.08,NULL),(862,NULL,3,753453800,'Treasure Island',3,306,'eng',318753,'2001-09-15','Kingfisher',311,3.83,NULL),(863,NULL,1,1402714572,'Treasure Island',1,101,'en',420,'2004-10-01','Sterling Children\'s Books',213,3.83,NULL),(864,NULL,3,1416500294,'Treasure Island',3,201,'eng',5967,'2005-06-01','Simon & Schuster',245,3.83,NULL),(865,NULL,2,689854684,'Treasure Island',1,202,'eng',104,'2003-07-01','Atheneum Books for Young Readers',64,3.83,NULL),(866,NULL,3,517221144,'Treasure Island',3,102,'en',56,'2002-09-03','Gramercy Books',272,3.83,NULL),(867,NULL,1,1577658051,'Treasure Island (Great Illustrated Classics)',3,203,'eng',91,'2006-01-31','Abdo Publishing Company',232,4.05,NULL),(868,NULL,1,933121180,'100 Years of Lynchings',2,101,'eng',88,'1996-11-22','Black Classic Press',270,4.61,NULL),(869,NULL,1,785950109,'Cien anos de soledad',2,306,'spa',63,'1990-01-01','French & European',448,4.07,NULL),(870,NULL,3,394800842,'On Beyond Zebra!',2,207,'eng',2815,'1955-09-12','Random House Books for Young Readers',64,4.04,NULL),(871,NULL,3,821778250,'The Wedding Clause',3,208,'eng',95,'2005-06-07','Zebra',256,3.6,NULL),(872,NULL,3,60733039,'The Zebra Wall',0,209,'eng',217,'2005-02-15','Greenwillow Books',147,3.44,NULL),(873,NULL,3,8432216062,'El perfume: Historia de un asesino',0,108,'spa',4136,'2002-06-01','Booket',239,4.02,NULL),(874,NULL,2,345413997,'The Door Into Summer',0,202,'eng',17232,'1997-06-17','Del Rey',304,4.01,NULL),(875,NULL,2,441788386,'Stranger in a Strange Land',0,305,'eng',251872,'1991-10-01','Ace',528,3.92,NULL),(876,NULL,2,441748600,'To Sail Beyond the Sunset',0,306,'en',10293,'1988-06-01','Ace Books',434,3.87,NULL),(877,NULL,3,345316509,'Job: A Comedy of Justice',2,101,'en',15970,'1985-10-12','Del Rey',439,3.78,NULL),(878,NULL,1,765314932,'Time for the Stars (Heinlein\'s Juveniles  #10)',3,201,'eng',6898,'2006-08-08','Tor Books',256,3.97,NULL),(879,NULL,1,671742515,'The Long Dark Tea-Time of the Soul (Dirk Gently  #2)',1,202,'en',67803,'1991-02-15','Pocket Books',307,4.06,NULL),(880,NULL,2,345455290,'The Salmon of Doubt (Dirk Gently  #3)',0,102,'eng',22091,'2005-04-26','Del Rey',298,3.93,NULL),(881,NULL,2,345476514,'Wish You Were Here: The Official Biography of Douglas Adams',2,203,'eng',2623,'2005-12-27','Del Rey',368,4.14,NULL),(882,NULL,3,345368436,'Douglas Adams\'s Starship Titanic',3,101,'eng',885,'1998-10-27','Ballantine Books',256,3.6,NULL),(883,NULL,2,1417622857,'Salmon of Doubt: Hitchhiking the Galaxy One Last Time',3,306,'eng',5,'2003-07-01','Turtleback Books',336,3.93,NULL),(884,NULL,2,573650969,'The Phantom Tollbooth: A Children\'s Play in Two Acts',3,207,'eng',100,'2011-01-12','Samuel French  Inc.',72,4.13,NULL),(885,NULL,2,691122946,'On Bullshit',2,208,'eng',9358,'2005-01-30','Princeton University Press',67,3.57,NULL),(886,NULL,3,393329402,'Another Bullshit Night in Suck City',1,209,'eng',9318,'2005-09-12','W. W. Norton & Company',347,3.78,NULL),(887,NULL,3,671867423,'Lincoln at Gettysburg: The Words That Remade America',0,108,'en',120,'1993-06-12','Simon & Schuster',317,4.14,NULL),(888,NULL,2,395883970,'The Gettysburg Address',1,202,'eng',5239,'1998-02-02','HMH Books for Young Readers',32,4.53,NULL),(889,NULL,1,684848155,'Underworld',3,305,'eng',1505,'1998-07-09','Scribner',827,3.92,NULL),(890,NULL,3,140156046,'Libra',3,306,'eng',11857,'1991-05-01','Penguin',480,3.99,NULL),(891,NULL,3,140119485,'Americana',2,101,'eng',393,'1989-07-06','Penguin Books',377,3.43,NULL),(892,NULL,1,679722947,'Running Dog',1,201,'eng',1356,'1989-07-17','Vintage Contemporaries',256,3.43,NULL),(893,790008,2,743244257,'Cosmopolis',0,202,'eng',460,'2004-04-06','Scribner',224,3.22,8),(894,825433,3,140179178,'Great Jones Street',2,102,'eng',2492,'1994-01-01','Penguin Books',272,3.48,27),(895,941759,1,679722955,'The Names',0,203,'eng',3100,'1989-07-17','Vintage',339,3.64,33),(896,313864,2,1594201200,'Against the Day',2,101,'eng',5296,'2006-11-21','Penguin Press',1085,4.13,28),(897,978745,2,60930217,'V.',1,306,'eng',1415,'2005-07-05','Harper Perennial Modern Classics',547,3.96,24),(898,807182,2,60931671,'The Crying of Lot 49',2,207,'eng',2161,'1999-04-01','Harper Perennial',152,3.69,15),(899,463743,2,140283382,'Gravity\'s Rainbow',1,208,'eng',762,'2000-01-01','Penguin Books',784,4.01,25),(900,901775,2,312423209,'Mason & Dixon',3,209,'eng',8086,'2004-01-03','Picador USA',773,4.07,22),(901,197867,3,141180633,'Vineland',2,108,'en',702,'1997-09-01','Penguin Classics',385,3.69,40),(902,423470,2,143039946,'Gravity\'s Rainbow',2,202,'eng',29764,'2006-10-31','Penguin Books',776,4.01,0),(903,238361,1,517226952,'The Ultimate Hitchhiker\'s Guide: Five Complete Novels and One Story (Hitchhiker\'s Guide to the Galaxy  #1-5)',0,207,'eng',3628,'2005-11-01','Gramercy Books',815,4.38,33),(904,596366,2,345453743,'The Ultimate Hitchhiker\'s Guide to the Galaxy (Hitchhiker\'s Guide to the Galaxy  #1-5)',0,208,'eng',249558,'2002-04-30','Del Rey Books',815,4.38,29),(905,725424,3,1400052920,'The Hitchhiker\'s Guide to the Galaxy (Hitchhiker\'s Guide to the Galaxy  #1)',1,209,'eng',4930,'2004-08-03','Crown',215,4.22,9),(906,229037,2,739322206,'The Hitchhiker\'s Guide to the Galaxy (Hitchhiker\'s Guide to the Galaxy  #1)',2,108,'eng',1266,'2005-03-23','Random House Audio',6,4.22,21),(907,434723,2,517149257,'The Ultimate Hitchhiker\'s Guide (Hitchhiker\'s Guide to the Galaxy  #1-5)',3,202,'eng',2877,'1996-01-17','Wings Books',815,4.38,25),(908,501422,2,767908180,'A Short History of Nearly Everything',2,305,'eng',248558,'2004-09-14','Broadway Books',544,4.21,4),(909,638943,1,767915062,'Bill Bryson\'s African Diary',1,306,'eng',7270,'2002-12-03','Broadway Books',55,3.44,5),(910,935745,2,767910435,'Bryson\'s Dictionary of Troublesome Words: A Writer\'s Guide to Getting It Right',3,101,'eng',2088,'2004-09-14','Broadway Books',256,3.87,17),(911,750581,3,767903862,'In a Sunburned Country',1,201,'eng',72451,'2001-05-15','Broadway Books',335,4.07,21);
/*!40000 ALTER TABLE `book` ENABLE KEYS */;
UNLOCK TABLES;

--
-- Table structure for table `family_member`
--

DROP TABLE IF EXISTS `family_member`;
/*!40101 SET @saved_cs_client     = @@character_set_client */;
/*!50503 SET character_set_client = utf8mb4 */;
CREATE TABLE `family_member` (
  `member_ID` int DEFAULT NULL,
  `fname` varchar(30) NOT NULL,
  `lname` varchar(30) NOT NULL,
  PRIMARY KEY (`fname`,`lname`),
  KEY `member_ID` (`member_ID`),
  CONSTRAINT `family_member_ibfk_1` FOREIGN KEY (`member_ID`) REFERENCES `academic_staff` (`member_ID`)
) ENGINE=InnoDB DEFAULT CHARSET=utf8mb4 COLLATE=utf8mb4_0900_ai_ci;
/*!40101 SET character_set_client = @saved_cs_client */;

--
-- Dumping data for table `family_member`
--

LOCK TABLES `family_member` WRITE;
/*!40000 ALTER TABLE `family_member` DISABLE KEYS */;
INSERT INTO `family_member` VALUES (117980,'Fletcher','Puckett'),(125371,'Edwin','Pace'),(125371,'Everett','Mcintosh'),(125371,'Jeremy','Stephenson'),(125780,'Luke','Sargent'),(125780,'Morton','Wells'),(131361,'Terence','Jensen'),(180869,'Darrell','Gonzales'),(180869,'Silas','Guerrero'),(180869,'Thomas','Townsend'),(198476,'Angelo','Hughes'),(209627,'Damien','Carney'),(209627,'Jarvis','Williams'),(209627,'Wilfredo','Jennings'),(222563,'Jimmy','Bridges'),(224527,'Hal','Jennings'),(224527,'Irwin','Foster'),(224527,'Norman','Rose'),(228339,'Dalton','Briggs'),(228339,'Eliseo','Silva'),(239118,'Hans','Freeman'),(239118,'Johnie','Noel'),(248088,'Tyler','Slater'),(259652,'Johnathan','Burns'),(272413,'Emile','Jefferson'),(272413,'Lamar','Sheppard'),(272413,'Zachariah','Erickson'),(314444,'Abraham','Foster'),(314444,'Boyd','Cabrera'),(314444,'Ernie','Bolton'),(327429,'Chase','Powers'),(327429,'Denny','Clark'),(327429,'Edwin','Henson'),(407464,'Frances','Wiley'),(407464,'Rob','Barrett'),(417301,'Fletcher','Cervantes'),(425289,'Elvis','Langley'),(425289,'Jerrod','Rosales'),(425289,'Terence','Matthews'),(430932,'Gail','Holcomb'),(431018,'Eddie','Cline'),(431018,'Stephen','Burnett'),(452967,'Edmond','Chen'),(452967,'Grover','Randolph'),(467568,'Robby','Ferrell'),(476018,'Alonzo','Paul'),(476018,'Leroy','Lopez'),(476018,'Miguel','Herman'),(492623,'Alfonzo','Kane'),(492623,'Billy','Matthews'),(492623,'Booker','Potter'),(521604,'Chase','Best'),(541221,'Joel','Christian'),(544977,'Davis','Forbes'),(589874,'Ignacio','Woods'),(589874,'Jaime','Finley'),(589874,'Jeff','Russo'),(599683,'Louis','Wynn'),(637522,'Alfred','Guerrero'),(642586,'Jackson','Shannon'),(642586,'Kris','Kramer'),(642586,'Lynn','Casey'),(645306,'Cyril','Coleman'),(645306,'Tim','Duffy'),(645306,'Tim','Good'),(651163,'Giovanni','Dotson'),(651163,'Shelton','Gordon'),(651163,'Sydney','Albert'),(664807,'Dario','Bates'),(664807,'Harry','Kirby'),(673745,'Jules','Frank'),(673745,'Melvin','Bryant'),(674436,'Frederick','Fowler'),(674436,'Jeffrey','Lancaster'),(674436,'Reid','Bridges'),(682104,'Reggie','Holloway'),(683539,'Kurt','Blanchard'),(711278,'Joshua','Pena'),(711278,'Nick','Olsen'),(711278,'Sydney','Watts'),(795746,'Jarvis','Foreman'),(795746,'Rosario','Buck'),(795746,'Wilfredo','Koch'),(812026,'Abraham','Villarreal'),(812026,'Jess','Cain'),(848091,'Kennith','Espinoza'),(871827,'Prince','Hodge'),(880808,'Clarence','Shields'),(880808,'Derrick','Burke'),(880808,'Hung','Ferguson'),(884068,'Lowell','Austin'),(899405,'Jackson','Knowles'),(906259,'Carmen','Guerra'),(906259,'Harlan','Caldwell'),(906259,'Van','Fulton'),(928962,'Dee','Griffin'),(935067,'Garth','Sykes'),(956821,'Bradley','Chapman'),(956821,'Fredric','Hansen'),(956821,'Will','Mays'),(999219,'Alexander','Kinney'),(999219,'Erik','Pittman'),(999219,'Terrell','Mcfadden');
/*!40000 ALTER TABLE `family_member` ENABLE KEYS */;
UNLOCK TABLES;

--
-- Table structure for table `librarian`
--

DROP TABLE IF EXISTS `librarian`;
/*!40101 SET @saved_cs_client     = @@character_set_client */;
/*!50503 SET character_set_client = utf8mb4 */;
CREATE TABLE `librarian` (
  `librarian_ID` int NOT NULL,
  `fname` varchar(30) DEFAULT NULL,
  `lname` varchar(30) DEFAULT NULL,
  `library_ID` int DEFAULT NULL,
  `supervisor_ID` int DEFAULT NULL,
  `start_date` date DEFAULT NULL,
  `end_date` date DEFAULT NULL,
  `hours` int DEFAULT NULL,
  PRIMARY KEY (`librarian_ID`),
  KEY `supervisor_ID` (`supervisor_ID`),
  KEY `library_ID` (`library_ID`),
  CONSTRAINT `librarian_ibfk_1` FOREIGN KEY (`supervisor_ID`) REFERENCES `librarian` (`librarian_ID`),
  CONSTRAINT `librarian_ibfk_2` FOREIGN KEY (`library_ID`) REFERENCES `library` (`library_ID`)
) ENGINE=InnoDB DEFAULT CHARSET=utf8mb4 COLLATE=utf8mb4_0900_ai_ci;
/*!40101 SET character_set_client = @saved_cs_client */;

--
-- Dumping data for table `librarian`
--

LOCK TABLES `librarian` WRITE;
/*!40000 ALTER TABLE `librarian` DISABLE KEYS */;
INSERT INTO `librarian` VALUES (101,'Addia','Collymore',1,NULL,'2011-10-08',NULL,8),(102,'Gerry','Stoll',1,101,'2020-12-20',NULL,4),(103,'Jack','Verlice',1,101,'2013-08-10','2014-12-23',8),(104,'Henriette','Adler',1,101,'2011-03-13',NULL,4),(105,'Janey','Huxley',1,101,'2005-12-05',NULL,8),(106,'Karrie','Ledger',1,101,'2010-10-03',NULL,4),(107,'Lida','Hayes',1,102,'2015-04-04',NULL,8),(108,'Pammie','Ford',1,102,'2002-10-07',NULL,8),(109,'Randy','Finnegan',1,102,'2010-04-04',NULL,4),(110,'Sheena','Beckett',1,104,'2005-04-29',NULL,8),(111,'Tabby','Gatlin',1,104,'2017-03-15',NULL,8),(112,'Zoe','Pierce',1,108,'2014-11-07',NULL,4),(201,'Ulrike','Zimmerman',2,NULL,'2019-05-11',NULL,8),(202,'Lucienne','Dawson',2,201,'2010-05-14','2013-08-03',8),(203,'Tiffi','Wilson',2,201,'2013-01-07',NULL,4),(204,'Shayna','Adair',2,201,'2009-02-21',NULL,4),(205,'Terra','Gray',2,201,'2002-04-29',NULL,8),(206,'Randee','Curran',2,NULL,'2005-10-17','2021-02-13',4),(207,'Tonye','Crassus',2,206,'2012-10-03',NULL,8),(208,'Ninon','Anderson',2,201,'2020-08-05',NULL,4),(209,'Michel','Adams',2,201,'2008-06-18',NULL,8),(210,'Vivyanne','Carter',2,201,'2007-10-10',NULL,4),(301,'Lexy','Hendrix',3,NULL,'2010-07-14',NULL,8),(302,'Kate','Lennon',3,NULL,'2017-01-29',NULL,4),(303,'Jorrie','Gasper',3,NULL,'2013-05-01','2017-05-25',4),(304,'Nicole','Mintz',3,303,'2019-05-24','2020-04-28',8),(305,'Halie','Ashbluff',3,303,'2017-03-30',NULL,4),(306,'Emmalynn','Marblemaw',3,305,'2020-10-19',NULL,8),(307,'Doll','Bozzelli',3,305,'2009-12-23',NULL,4),(308,'Margie','Fellowes',3,305,'2016-09-21',NULL,4),(309,'Sindee','Windward',3,305,'2021-07-20',NULL,8),(310,'Darleen','Yarrow',3,NULL,'2006-03-04',NULL,4),(311,'Nate','Yearwood',3,310,'2002-05-15',NULL,8);
/*!40000 ALTER TABLE `librarian` ENABLE KEYS */;
UNLOCK TABLES;

--
-- Table structure for table `library`
--

DROP TABLE IF EXISTS `library`;
/*!40101 SET @saved_cs_client     = @@character_set_client */;
/*!50503 SET character_set_client = utf8mb4 */;
CREATE TABLE `library` (
  `library_ID` int NOT NULL,
  `location` varchar(100) DEFAULT NULL,
  `name` varchar(10) DEFAULT NULL,
  PRIMARY KEY (`library_ID`)
) ENGINE=InnoDB DEFAULT CHARSET=utf8mb4 COLLATE=utf8mb4_0900_ai_ci;
/*!40101 SET character_set_client = @saved_cs_client */;

--
-- Dumping data for table `library`
--

LOCK TABLES `library` WRITE;
/*!40000 ALTER TABLE `library` DISABLE KEYS */;
INSERT INTO `library` VALUES (1,'Istinye','KUIS'),(2,'Topkapi','ANAMED'),(3,'Rumelifeneri','SKL');
/*!40000 ALTER TABLE `library` ENABLE KEYS */;
UNLOCK TABLES;

--
-- Table structure for table `member`
--

DROP TABLE IF EXISTS `member`;
/*!40101 SET @saved_cs_client     = @@character_set_client */;
/*!50503 SET character_set_client = utf8mb4 */;
CREATE TABLE `member` (
  `member_ID` int NOT NULL,
  `fee` int DEFAULT NULL,
  `fname` varchar(50) DEFAULT NULL,
  `lname` varchar(50) DEFAULT NULL,
  PRIMARY KEY (`member_ID`)
) ENGINE=InnoDB DEFAULT CHARSET=utf8mb4 COLLATE=utf8mb4_0900_ai_ci;
/*!40101 SET character_set_client = @saved_cs_client */;

--
-- Dumping data for table `member`
--

LOCK TABLES `member` WRITE;
/*!40000 ALTER TABLE `member` DISABLE KEYS */;
INSERT INTO `member` VALUES (114425,15,'Doris','Glenn'),(114862,16,'Nicole','Rodriquez'),(116286,4,'Terrance','Duke'),(116530,29,'Noelle','Paul'),(117603,5,'Bob','Weiss'),(117956,2,'Quentin','Carney'),(117980,2,'Ashley','Ochoa'),(118109,17,'Doris','Giles'),(118236,2,'Monroe','Beach'),(118882,6,'Eddie','Irwin'),(119399,22,'Gale','Rodriquez'),(122005,0,'Candy','Singleton'),(124923,18,'Tina','Cabrera'),(125134,15,'Ellen','Bird'),(125371,1,'Lorrie','Rocha'),(125780,24,'Reba','Browning'),(125823,9,'Chadwick','Walton'),(126137,15,'Felix','Haynes'),(126316,7,'Roseann','Riley'),(127205,4,'Annmarie','Frye'),(129077,3,'Dominique','Moreno'),(129405,17,'Ismael','Ellis'),(129426,4,'Lana','Hayes'),(130501,7,'Mitzi','Mueller'),(130591,27,'Kendrick','Miles'),(131361,23,'Jerri','Douglas'),(133610,8,'Teresa','Bowen'),(135089,7,'Zachary','Gregory'),(136626,14,'Carmela','Jefferson'),(138130,3,'Lauren','Mcgee'),(138351,21,'Nestor','Carney'),(138800,5,'Jarred','Bernard'),(140932,17,'Clint','Gross'),(141022,12,'Rodger','Chavez'),(141086,14,'Bernardo','Mcdowell'),(141178,2,'Adam','Kirby'),(141326,17,'Patricia','Briggs'),(142501,6,'Lon','Martin'),(143029,18,'Danny','Robbins'),(143864,16,'Natalie','Marshall'),(143898,9,'Ricky','Bowers'),(144114,6,'Nancy','Gillespie'),(144235,19,'Kris','Conner'),(144715,12,'Earnest','Kirk'),(145327,1,'Erin','Olsen'),(146790,7,'Lou','Buckner'),(146825,9,'Morton','Franklin'),(147313,2,'Wilburn','Rowe'),(147382,19,'Hung','Witt'),(149750,8,'Luther','Harrell'),(149763,4,'Dudley','Melton'),(149818,1,'Ophelia','Pena'),(149844,5,'Berta','Irwin'),(149904,32,'Leanne','Mcmahon'),(150036,27,'Lourdes','Hull'),(151449,1,'Kyle','Rios'),(155570,15,'Colin','Wilson'),(155916,38,'Rosanne','Mendoza'),(155956,14,'Sterling','Hooper'),(158543,25,'Greg','Kane'),(158689,11,'Lucile','Fleming'),(159108,18,'Shanna','Silva'),(159397,13,'Clement','Lancaster'),(159472,18,'Moses','Reid'),(160350,14,'Bonita','Dixon'),(160503,8,'Nickolas','Williams'),(161109,16,'Kareem','Fuentes'),(161467,5,'Odell','Bryan'),(162573,14,'Ola','Thompson'),(162773,7,'Evangeline','Mejia'),(163351,20,'Terrell','Sears'),(166615,7,'Jayne','Coleman'),(166790,23,'Margaret','Reilly'),(168016,7,'Mauro','Marshall'),(168824,18,'Tanner','Caldwell'),(168829,11,'Antonia','Kinney'),(169348,1,'Aubrey','Pugh'),(169618,4,'Donovan','Serrano'),(169739,1,'Rosetta','Decker'),(169763,18,'Benjamin','Macdonald'),(171553,9,'Tanner','Matthews'),(172440,0,'Cody','Allison'),(174542,2,'Rochelle','Guerrero'),(175035,13,'Ava','Romero'),(176214,9,'Josephine','Pitts'),(177821,9,'Derick','Ferrell'),(177982,20,'Lorrie','Sears'),(178602,10,'Kristina','Mcgowan'),(180696,5,'Sheri','Whitley'),(180869,3,'Jacob','Cherry'),(182719,10,'Tammy','Vincent'),(185077,9,'Nichole','Oneil'),(186102,4,'Marcia','Casey'),(186298,25,'Luisa','Mcintyre'),(187639,2,'Tonya','Burke'),(188409,9,'Pearlie','Bryant'),(189557,2,'Claudine','Black'),(191240,2,'Salvador','Gutierrez'),(191963,5,'Deanne','Mccarty'),(191985,15,'Tammy','Casey'),(191995,13,'Sasha','Beard'),(192175,2,'Bret','Blevins'),(192292,18,'Max','Barrera'),(194598,2,'Carlene','Bernard'),(196011,7,'Kimberley','Jacobson'),(196645,5,'Eliza','Odonnell'),(197867,3,'Robbie','Oconnor'),(198476,18,'Dillon','Dunn'),(199699,11,'George','Potts'),(201612,7,'Alison','Walsh'),(201710,0,'Karyn','Christian'),(202408,1,'Jimmie','Burnett'),(204626,16,'Sterling','Patel'),(205347,32,'Frieda','Hebert'),(205865,16,'Tabitha','Baird'),(206279,1,'Georgina','Lamb'),(206695,9,'Natalie','Ellison'),(206783,27,'Brock','Roberts'),(206997,17,'Donovan','Russo'),(208230,8,'Merlin','Meyers'),(208375,11,'Kenya','Merrill'),(208763,4,'Mohammad','Downs'),(209627,14,'Willa','Hensley'),(210135,4,'Gracie','Herring'),(211129,15,'Alphonse','Torres'),(211729,24,'Effie','Santana'),(212917,15,'Raymundo','Kramer'),(213493,8,'Margo','Daniels'),(214985,12,'Karina','Green'),(215473,7,'Maryann','Vance'),(215589,12,'Molly','Roach'),(216408,0,'Luther','Short'),(217117,17,'Edna','Petersen'),(219020,8,'Lana','Spence'),(220061,9,'Norbert','Joyner'),(221262,10,'Felecia','Sparks'),(222179,3,'Betsy','Dillon'),(222563,15,'Jeanette','Rivera'),(222807,36,'Janice','Berg'),(223379,2,'Mathew','Duke'),(224106,31,'Hershel','Cain'),(224473,18,'Adriana','Mcfarland'),(224527,24,'Tony','Weiss'),(225090,12,'Alfredo','Vasquez'),(225139,0,'Elias','Pena'),(226811,1,'Rene','Burks'),(226863,24,'Clifton','Tyson'),(228229,8,'Ines','Dominguez'),(228339,5,'Barbra','Sutton'),(228355,13,'Benito','Knapp'),(229037,1,'Gwen','Gilliam'),(229899,4,'Violet','Lindsay'),(230226,3,'Dona','Maxwell'),(230829,0,'Rosario','Tyson'),(232070,4,'Carly','Leach'),(232194,5,'Maude','Jackson'),(232387,1,'Celia','Huffman'),(232425,3,'Jeanine','Ratliff'),(232585,22,'Wanda','Lester'),(232661,30,'Luz','Brown'),(232794,18,'Forrest','Noel'),(233110,5,'Tracie','Estes'),(234177,7,'Kareem','Jimenez'),(234429,10,'Chrystal','Swanson'),(234880,5,'Keven','Logan'),(236366,1,'Lewis','Ayala'),(237003,1,'Tami','Hayes'),(237448,8,'Keri','Buchanan'),(237902,25,'Pasquale','Knight'),(238361,27,'Derrick','Vaughn'),(238992,21,'Carlo','Albert'),(239010,16,'Fred','Hayes'),(239118,29,'Deann','Mccormick'),(239168,1,'Kathrine','Whitaker'),(239415,2,'Pansy','Macdonald'),(240295,1,'Ken','Winters'),(240799,8,'Nannie','Moon'),(240842,7,'Rachelle','Reed'),(241302,32,'Monty','Lancaster'),(241389,1,'Walter','Velez'),(242740,15,'Olive','Livingston'),(244500,27,'Shirley','Waller'),(245059,6,'Abdul','Barnett'),(247051,7,'Alberta','Page'),(248088,4,'Kristy','Jordan'),(248449,10,'Carlene','Cain'),(249180,7,'Scot','Beach'),(249410,12,'Yvette','Rivers'),(249736,7,'Lina','Shannon'),(251151,18,'Harlan','Vaughan'),(251640,22,'Kim','England'),(252371,7,'Dante','Farmer'),(252938,0,'Antoine','Wiley'),(253588,23,'Keri','Slater'),(255640,9,'Stanley','Lowe'),(257927,20,'Agnes','Herman'),(259652,12,'Bradley','Nieves'),(262702,14,'Roberto','Hogan'),(262843,15,'Tyrone','Soto'),(264960,32,'Brent','Bryant'),(265124,3,'Tonia','Burns'),(266284,14,'Dominic','Henson'),(266624,0,'Boyd','Greer'),(268942,16,'Cody','Dillard'),(269523,10,'Kendra','Villarreal'),(271180,6,'Norris','Alvarez'),(271247,4,'Liz','Barry'),(272413,9,'Bryce','Bonner'),(272885,6,'Rosanna','Chase'),(273325,36,'Jayne','Thomas'),(273427,10,'Ilene','Head'),(273645,0,'Manuel','Fulton'),(273769,16,'Scot','Faulkner'),(274518,8,'Kelsey','Brown'),(275491,30,'Julian','Russo'),(276700,22,'Marissa','Meyer'),(277858,8,'Reinaldo','Eaton'),(278391,1,'Jami','Velasquez'),(279563,2,'Clint','Bridges'),(280326,32,'Agustin','Gentry'),(280781,10,'Ollie','William'),(280832,0,'Mia','Joseph'),(281794,2,'Yvette','Bentley'),(282037,7,'Bruno','Whitney'),(282137,15,'Eduardo','Burnett'),(282678,10,'Marci','Alvarado'),(283199,11,'Christian','Acevedo'),(285184,8,'Ginger','Palmer'),(286890,12,'Carolyn','Donaldson'),(287114,25,'Joanna','Perkins'),(287787,5,'Joaquin','Bentley'),(288568,20,'Danny','Shaw'),(288820,20,'Eric','Mccullough'),(289041,1,'Nanette','Lee'),(290034,5,'Charmaine','Hawkins'),(290808,19,'Josef','Griffin'),(291577,6,'Rosemary','Vaughn'),(291663,3,'Elijah','Garrison'),(292144,4,'Augusta','Andrews'),(294276,1,'Josh','Tucker'),(295864,1,'Cleveland','Kirkland'),(295933,7,'Nestor','Rosales'),(297059,13,'Rufus','Guerra'),(297502,10,'Angelina','Lynn'),(297741,21,'Lynn','Pena'),(300693,2,'Tod','Holcomb'),(304721,0,'Nathaniel','Burke'),(305556,17,'Federico','Wilson'),(306185,13,'Percy','Hunt'),(307715,14,'Fred','Woodward'),(307771,1,'Delbert','Cooley'),(308125,21,'Flossie','Mcpherson'),(308129,13,'Barton','Mullen'),(308617,8,'Aileen','Blanchard'),(310986,0,'Maryellen','Mcfadden'),(311079,6,'Morgan','Farrell'),(311405,6,'Christa','Wilkins'),(312364,17,'Sondra','Stephens'),(313864,21,'Debbie','Velez'),(314444,5,'Danial','Carpenter'),(315565,0,'Loretta','Sawyer'),(316407,2,'Raquel','Bray'),(316579,2,'Leanne','Potter'),(316995,0,'Pauline','Gilbert'),(316999,24,'Dee','Love'),(317525,4,'Shirley','Potter'),(318026,1,'Elizabeth','Fernandez'),(318571,13,'Emory','Spence'),(319493,6,'Major','Lucas'),(323914,17,'German','Carney'),(326358,1,'Neil','Murray'),(326407,6,'Sophie','Bass'),(327429,14,'Mac','Mcleod'),(327467,5,'Erin','French'),(328389,9,'Roderick','Perry'),(328562,11,'Stacy','Jennings'),(328690,9,'Leigh','Mccall'),(328740,20,'Leonardo','Bird'),(329548,0,'Phil','Montgomery'),(330816,35,'Jasmine','Freeman'),(330889,2,'Denver','Mays'),(332802,4,'Lowell','Erickson'),(333260,10,'Bud','Knowles'),(335435,16,'Frank','Larson'),(335470,23,'Amber','Mendoza'),(337146,11,'Weldon','Hyde'),(337955,3,'Jeremiah','Dotson'),(338449,23,'Forest','Moss'),(338556,4,'Domingo','Gibbs'),(339483,26,'Scott','Carrillo'),(339806,8,'Chrystal','Pittman'),(340599,19,'Tad','Patrick'),(341048,18,'Maura','Delaney'),(344607,19,'Gregg','Mann'),(346662,2,'Garth','Clarke'),(349751,6,'Shelton','Harrison'),(350367,16,'Rudolph','Gordon'),(350842,13,'Josef','Lamb'),(352677,11,'Alec','Brown'),(352882,1,'Lon','Harper'),(354363,13,'Tabatha','Arnold'),(358556,18,'Grace','Dejesus'),(358935,0,'Anastasia','Bowen'),(359608,16,'Eva','Holman'),(360498,3,'Jeannine','Vaughn'),(362287,8,'Cornelius','Townsend'),(363748,3,'Lemuel','Houston'),(363951,30,'Frances','Stafford'),(368041,8,'Tamika','Rosa'),(368157,1,'Marcie','Weiss'),(369712,23,'Yesenia','Guerrero'),(371751,10,'Thad','Luna'),(372188,0,'Maria','Chavez'),(375051,17,'Deana','Spencer'),(375190,14,'Lance','Garza'),(375797,5,'Tamara','Perez'),(381338,1,'Miriam','Barrett'),(381597,1,'Edwardo','Stone'),(384810,5,'Myra','Franco'),(385932,1,'Noreen','Vincent'),(387407,7,'Damian','Ellison'),(390973,20,'Gilda','Dillon'),(390989,2,'Essie','Bridges'),(392678,0,'Marcelino','Kinney'),(394200,22,'Deanna','Mccoy'),(394700,9,'Domingo','Wilkinson'),(395792,13,'Miguel','Finley'),(395867,3,'Marietta','Watson'),(396091,18,'Gena','Bradley'),(396135,3,'German','Sheppard'),(397164,9,'Silvia','Huff'),(397241,5,'Darla','Durham'),(398788,7,'Alexandria','Long'),(399192,5,'Nick','Wilcox'),(399486,19,'Terri','Phelps'),(402452,4,'Rusty','Fletcher'),(403674,3,'Billy','Mcdowell'),(403910,17,'Naomi','Jacobs'),(404070,8,'Aldo','Medina'),(405156,31,'Sam','Burris'),(407160,2,'Ashlee','Gardner'),(407464,10,'Deon','Quinn'),(408036,9,'Brandy','Carr'),(408248,13,'Antwan','Richardson'),(409341,5,'Imogene','Sanders'),(409492,6,'Beatriz','Pugh'),(410027,6,'Sean','Noble'),(410300,6,'Dena','Blake'),(410844,0,'Eliseo','Wilkerson'),(411066,3,'Hung','Herman'),(411196,3,'Gracie','Mosley'),(412201,4,'Dina','Jones'),(412317,0,'Elisabeth','Foster'),(414129,17,'Ernie','Aguilar'),(414557,14,'Corey','Harrell'),(414967,13,'Bette','Kane'),(415004,1,'Rosa','Camacho'),(415161,6,'Lemuel','Guerrero'),(415337,27,'Frankie','Wiggins'),(415537,7,'Shirley','Herrera'),(416483,13,'Bennett','Le'),(416872,0,'Owen','Lopez'),(417301,11,'Carolyn','Butler'),(419075,1,'Hallie','Cervantes'),(421652,13,'Craig','Roberts'),(421955,5,'Sonia','Cook'),(422323,15,'Wilma','Gray'),(423008,8,'Inez','Kane'),(423470,0,'Ella','Craft'),(423508,10,'Carolina','Bruce'),(425289,11,'Kristi','Monroe'),(430202,1,'Minnie','Mckee'),(430633,1,'Sondra','Reyes'),(430843,33,'Karina','Owens'),(430932,13,'Romeo','Foster'),(431018,2,'Rickie','Alston'),(431841,30,'Taylor','Barlow'),(432168,1,'Jermaine','Sykes'),(433510,8,'Dorian','Foster'),(433698,11,'Margie','Vincent'),(434046,23,'Bianca','Langley'),(434723,19,'Melanie','Zimmerman'),(435055,2,'Clinton','Farley'),(436424,3,'Leonel','Guerrero'),(437096,1,'Stella','Guy'),(437878,17,'Melva','Payne'),(437970,4,'Reggie','Nolan'),(438094,11,'Vonda','Johns'),(438561,8,'Raul','Frost'),(443072,16,'Rosendo','Rasmussen'),(444670,19,'Monte','Contreras'),(445516,4,'Riley','Conley'),(445556,8,'Nita','Adams'),(445650,4,'Joan','Bauer'),(446702,25,'Richie','Downs'),(449164,17,'Lillian','Gill'),(449655,1,'Sydney','Frederick'),(451543,1,'Nelda','Webster'),(451940,11,'Sammy','Mills'),(451972,5,'Waldo','Shields'),(452230,18,'Darnell','Spencer'),(452967,1,'Lyman','Reeves'),(454287,16,'Silvia','Ortega'),(454506,18,'Cecilia','Dawson'),(454745,4,'Cyrus','Gardner'),(456816,5,'Adele','Scott'),(456842,6,'Kris','Richards'),(457714,6,'Miles','Mcdaniel'),(458320,5,'Tessa','Pace'),(458765,11,'Kristina','Ware'),(461350,30,'Joanna','Rodriquez'),(461385,5,'Emma','Obrien'),(463579,10,'Bernardo','Langley'),(463743,29,'Guy','Gilbert'),(463784,2,'Scott','Best'),(463929,11,'Ramiro','Rojas'),(466203,10,'Bart','Whitaker'),(466860,20,'Earline','Cherry'),(467568,8,'Andrea','Crawford'),(468128,2,'Larry','Gray'),(468347,4,'Dusty','Hendricks'),(469392,18,'Dana','Hill'),(471560,4,'Ernie','Holden'),(471961,12,'Zachery','Harvey'),(472119,16,'Sonny','Morin'),(473773,23,'Stacey','Workman'),(474759,5,'Johnny','Dunlap'),(475176,9,'Harley','Murphy'),(476018,6,'Jean','Mclean'),(476072,21,'Kent','Jackson'),(476635,22,'Victoria','Howe'),(476750,8,'Ernestine','Lambert'),(479754,30,'Shannon','Singleton'),(479832,12,'Nelson','Mcintosh'),(481137,4,'Gena','Holman'),(481176,2,'Cristina','Grimes'),(483751,0,'Reid','Randolph'),(484822,0,'Megan','Fry'),(486465,5,'Arline','Campbell'),(486573,2,'Colleen','Rodriguez'),(487100,1,'Augustus','Maldonado'),(488068,8,'Margo','Hoffman'),(489463,2,'Johnie','Carney'),(489761,0,'Paula','Pacheco'),(490868,5,'Houston','Morris'),(491595,19,'Ian','Alvarado'),(492623,30,'Aurora','Gray'),(494794,2,'Vernon','Buchanan'),(495105,0,'Coleen','Morris'),(495659,25,'Mallory','Pearson'),(497086,23,'Scotty','Ellis'),(498361,10,'Elise','Zimmerman'),(498653,10,'Vincent','Case'),(500345,0,'Reyna','Marks'),(501368,3,'Xavier','Mcintosh'),(501422,11,'Micah','Merritt'),(502509,14,'Genevieve','Finley'),(504422,18,'Damien','Middleton'),(505362,2,'Winston','Griffin'),(505758,9,'Garland','Watkins'),(505780,10,'Ester','Houston'),(507594,1,'Lidia','Rojas'),(507999,4,'Aida','Banks'),(508019,16,'Rachael','Newman'),(509810,32,'Susanne','Joseph'),(509911,3,'Kirsten','Lee'),(510431,18,'Jamar','Reese'),(513011,8,'Tara','Forbes'),(513773,1,'Jessie','Cortez'),(516579,1,'Guy','Rutledge'),(516945,5,'Helene','Gallegos'),(517038,0,'Bobbi','Olson'),(517283,2,'Tom','Frye'),(518154,11,'Annmarie','Roth'),(518193,8,'Amanda','Carr'),(520092,3,'Lamont','Woods'),(520539,10,'Derick','Daugherty'),(520702,2,'Clarissa','Lawson'),(520719,28,'Edmund','Salas'),(521604,31,'Erich','Goodman'),(521878,2,'Benny','Stephenson'),(523887,13,'Gilbert','Luna'),(526273,7,'Myles','Coleman'),(528086,4,'Bruce','Carney'),(528576,3,'Darin','Callahan'),(528969,15,'Celina','Huffman'),(529604,3,'Shane','Porter'),(530958,5,'Lynne','Vinson'),(532002,11,'Madge','Sargent'),(532285,10,'Leann','Melendez'),(532560,8,'Belinda','Pace'),(535812,8,'Lavonne','Carney'),(536053,0,'Lenard','Conner'),(537235,5,'Cheryl','French'),(539548,4,'Yong','Poole'),(540019,4,'Stephen','Bauer'),(540696,4,'Luke','Craft'),(541221,0,'Jefferson','Holt'),(541867,24,'Lorrie','Leblanc'),(542826,7,'Marcus','Bolton'),(543320,4,'Lawanda','Whitehead'),(544977,2,'Jerrold','Sweet'),(547050,19,'Dylan','Cantu'),(547420,3,'Doug','Small'),(551251,2,'Frederick','Graham'),(552582,17,'Jana','Weiss'),(553362,25,'Preston','Floyd'),(554345,17,'Ofelia','Rivers'),(555551,7,'Nona','Buck'),(556491,10,'Larry','Tran'),(556518,7,'Kory','Frank'),(556573,26,'Aisha','Gentry'),(557561,23,'Kay','Travis'),(559421,6,'Reba','Potts'),(562109,22,'Stacy','Dixon'),(562393,23,'Gale','Perez'),(563448,19,'Lucy','Hinton'),(563580,22,'Lamont','Albert'),(564246,1,'Debora','Hinton'),(565658,6,'Kristen','Lott'),(567269,5,'Fay','Villarreal'),(568435,10,'Bonnie','Baker'),(569286,9,'Stefan','Jacobs'),(569664,10,'Howard','Dodson'),(570009,10,'Mai','Jennings'),(570767,15,'Eula','Aguirre'),(572348,2,'Selma','Floyd'),(574256,1,'Serena','Marshall'),(574544,23,'Kennith','Marquez'),(575035,1,'Beatrice','Lawson'),(579003,4,'Curtis','Williamson'),(579618,2,'Demetrius','Ruiz'),(581042,3,'Gino','Sullivan'),(581261,7,'Willis','Rose'),(581563,2,'Jerome','Foreman'),(582100,16,'Frances','May'),(583282,1,'Carolina','Coleman'),(583924,20,'Adrienne','Puckett'),(585128,6,'Nikki','Bean'),(586177,5,'Bernard','Leach'),(586207,5,'Michel','Finch'),(587361,16,'Rosario','Trevino'),(587373,1,'Lillian','Atkinson'),(587639,3,'Barbara','Palmer'),(588553,7,'Wilda','Rios'),(588664,5,'Julius','Gardner'),(588702,13,'Haley','Maddox'),(589440,6,'Hilario','Vang'),(589874,8,'Manuela','Koch'),(590579,0,'Priscilla','Mays'),(590955,7,'Bruce','Colon'),(591248,13,'Molly','Manning'),(591698,7,'Bobbie','Singleton'),(593953,22,'Tara','Gutierrez'),(596366,21,'Maura','Cherry'),(596917,1,'Ahmad','Poole'),(597006,30,'Hazel','Case'),(597202,4,'Frederic','Stephenson'),(597409,7,'Luke','Turner'),(597805,5,'Marquis','Perkins'),(599012,1,'Amber','Warner'),(599683,3,'Spencer','Williams'),(601071,8,'Liz','Frank'),(601808,2,'Olin','Case'),(602683,18,'Alberta','Chapman'),(603179,8,'Andrew','Price'),(603575,4,'Ophelia','Wagner'),(606109,16,'Enrique','Adams'),(606834,12,'Nadia','Stokes'),(608832,11,'Sabrina','Fowler'),(611233,0,'James','Cain'),(611384,14,'Nathaniel','Bates'),(612850,9,'Bethany','Cline'),(612960,1,'Elijah','Hopkins'),(615857,11,'Clara','Harrington'),(616656,5,'Isiah','Hubbard'),(616665,12,'Clarence','Powers'),(618339,6,'Tracy','Sparks'),(618554,26,'Kitty','Mathis'),(620634,6,'Janna','Hopkins'),(621375,14,'Briana','Lancaster'),(621606,3,'Rogelio','Poole'),(621988,5,'Callie','Snider'),(625661,14,'Cole','Spencer'),(625981,30,'Jay','Sanders'),(626693,21,'Felicia','Gilmore'),(629763,4,'Vernon','Bass'),(630030,12,'Louisa','Nelson'),(633255,0,'Yvette','Warner'),(634658,3,'Rolland','Mendoza'),(635915,28,'Herminia','Morin'),(636018,5,'Janie','Cooke'),(636457,3,'Manuel','Bentley'),(637522,0,'Leopoldo','Mcgee'),(637843,24,'Karla','Barrera'),(638900,1,'Brandy','Bean'),(638943,17,'Buford','Hobbs'),(639474,0,'Daisy','Giles'),(641096,0,'Kerry','Pitts'),(641368,13,'Lindsey','Griffin'),(642418,20,'Rosalind','Booth'),(642586,6,'Reva','Morales'),(645306,4,'Guadalupe','Holcomb'),(645393,22,'Nelson','Mooney'),(646972,8,'Lee','Peck'),(648118,1,'Bobbie','Joyner'),(648744,0,'Edmund','Blankenship'),(648913,4,'Irwin','Jenkins'),(649821,2,'Andres','Alexander'),(651120,9,'Damon','Solomon'),(651163,1,'Ina','Cummings'),(651597,16,'Lydia','Lindsey'),(651738,25,'Rick','Sawyer'),(651910,11,'Consuelo','Hamilton'),(652723,1,'Juliana','Rowland'),(654102,3,'Jerrod','Bell'),(654723,6,'Clay','Freeman'),(654747,2,'Edwin','Brock'),(657125,18,'Michael','West'),(657908,15,'Joyce','Hooper'),(661971,18,'Emanuel','Nichols'),(662168,9,'Marlon','Whitaker'),(664249,11,'Floyd','Mills'),(664807,1,'Bertie','Slater'),(665326,14,'Dewayne','Sheppard'),(666886,31,'Angelita','Reyes'),(668717,4,'Danial','Watts'),(669618,38,'Phyllis','Dudley'),(670526,4,'Adrian','Dunlap'),(672964,18,'Catalina','Guthrie'),(673049,6,'Cole','Jensen'),(673126,16,'David','Meyer'),(673438,2,'Christopher','Peters'),(673451,1,'Rae','Peck'),(673745,2,'Hannah','Cooper'),(674436,9,'Lenard','Cardenas'),(676618,8,'Tabatha','Gonzales'),(677871,8,'Robt','Ramsey'),(678244,10,'Trudy','Frazier'),(678436,35,'Theresa','Bender'),(678498,1,'Buford','Zimmerman'),(679572,30,'Felipe','Vance'),(679990,1,'Thad','Franklin'),(680485,1,'Les','Brady'),(682104,12,'Gracie','Stanley'),(682855,27,'Corey','Edwards'),(683325,18,'Tyler','Mercado'),(683539,3,'Charley','Daniel'),(684446,9,'Bryon','Gardner'),(684722,3,'Waldo','Wright'),(685818,4,'Jackson','Bass'),(688327,6,'Eliseo','Berry'),(688836,0,'Erich','Lyons'),(689587,5,'Ava','Kane'),(690117,1,'Sylvester','Salas'),(694921,27,'Pam','Stuart'),(695631,7,'Juanita','Zimmerman'),(696218,17,'Anita','Pratt'),(696612,3,'Dan','William'),(697802,7,'Beryl','Nelson'),(700418,0,'Lesley','Rollins'),(701223,5,'Esmeralda','Grant'),(701561,16,'Camille','Mullins'),(702034,12,'Mitzi','Lynch'),(703495,2,'Marva','Phelps'),(703738,2,'Rebecca','Moon'),(706151,4,'Esteban','Finch'),(707453,22,'Rory','Atkins'),(707520,13,'Bernardo','Austin'),(707678,2,'Katina','Wynn'),(707856,2,'Abraham','Mayo'),(709146,3,'Amparo','Dixon'),(709748,1,'Claudine','Landry'),(709899,36,'Clair','Morris'),(711278,8,'Dwayne','Kim'),(712045,16,'Shelia','Conrad'),(712170,0,'Theodore','Dale'),(713805,12,'Adam','Bartlett'),(715045,0,'Kerri','Santos'),(717079,16,'Helene','Franco'),(717861,9,'Aldo','Jarvis'),(719798,4,'Trevor','Romero'),(721098,24,'Isabel','Espinoza'),(722543,2,'Lesa','Hughes'),(724235,4,'Quentin','Benson'),(725424,1,'Roderick','Vinson'),(725731,4,'Ofelia','Pickett'),(725857,3,'Shannon','Snow'),(728839,4,'Jody','Mejia'),(732315,2,'Amparo','Campos'),(733184,6,'Mayra','Bowen'),(734991,1,'Merle','Martin'),(735499,21,'Callie','Cohen'),(735598,25,'Preston','Perez'),(737292,3,'Luciano','Ray'),(738794,7,'Carmelo','Scott'),(739367,5,'Alyssa','Marquez'),(740281,6,'Lorna','Henson'),(743314,27,'Grady','Herman'),(743727,28,'Elise','Kidd'),(744539,4,'Cora','Blackburn'),(745672,7,'Emile','Love'),(746945,3,'Efrain','Carney'),(747004,30,'Bennie','Melendez'),(747200,18,'Janelle','Gill'),(747647,11,'Trisha','Mueller'),(749292,1,'Deanna','Wilkins'),(749765,10,'Brian','Fitzpatrick'),(750124,4,'Barry','Garner'),(750581,8,'Jocelyn','Rojas'),(751376,3,'Courtney','Barnes'),(751897,29,'Mercedes','Glass'),(752301,6,'Garland','Ayers'),(752997,2,'Lelia','Sawyer'),(754091,15,'Kimberly','Cantu'),(755278,1,'Theron','Sweet'),(755543,8,'Tameka','Atkinson'),(759183,6,'Mauro','Fernandez'),(759226,28,'Lakeisha','Bowman'),(759248,13,'Rory','Fowler'),(760573,4,'Juliette','Mosley'),(760995,3,'Irvin','Witt'),(761381,1,'Nichole','Lloyd'),(763039,0,'Rebekah','Hull'),(763459,12,'Gino','Mcconnell'),(764254,1,'Wilfred','Charles'),(766745,11,'Joanne','Melton'),(766783,1,'Marta','Cervantes'),(768457,10,'Robby','Jordan'),(768500,33,'Jami','Golden'),(768943,18,'Connie','Shaffer'),(769123,23,'Brenton','Matthews'),(770255,5,'Lora','Wheeler'),(770810,13,'Craig','Marquez'),(771425,11,'Lewis','Fuller'),(771945,18,'Rickie','Gilmore'),(772354,15,'Erika','Myers'),(774548,6,'Shannon','Parker'),(774862,11,'Bernadine','Joseph'),(775434,16,'Tanisha','Lester'),(776211,14,'Duane','Lowery'),(778200,21,'Mariano','Lloyd'),(778415,29,'Noreen','Bray'),(779374,21,'Dudley','Elliott'),(780963,10,'Jami','Cantrell'),(781472,8,'Isiah','Guthrie'),(783654,1,'Terence','Clay'),(785299,12,'Marc','Nixon'),(787549,1,'Estella','Potter'),(787931,19,'Harrison','Ortega'),(790008,7,'Luann','Crane'),(790017,12,'Aubrey','Myers'),(790187,5,'Horace','Rasmussen'),(790290,1,'Norris','Adams'),(790389,3,'Claudette','Solomon'),(791119,7,'Damon','Hunt'),(791967,3,'Janna','Joseph'),(792224,4,'Tommie','Cunningham'),(793523,6,'Donovan','Bowman'),(795746,5,'Angelique','Guy'),(795934,12,'Melinda','Lopez'),(796832,14,'Milton','Neal'),(798043,5,'Claudette','Walter'),(798553,2,'Mauricio','Potts'),(798646,7,'Patsy','Koch'),(798671,9,'Adolph','Skinner'),(798859,19,'Deirdre','Travis'),(801970,2,'Becky','Bolton'),(802355,18,'Dena','Gomez'),(803426,5,'Maritza','Christian'),(804360,4,'Wilburn','Atkins'),(804895,4,'Frederick','Mckay'),(805103,3,'Ron','Glenn'),(807182,1,'Adeline','Evans'),(807964,6,'Curt','Bridges'),(808609,1,'Myrtle','Riggs'),(808727,1,'Luciano','Jordan'),(808843,5,'Merlin','Yates'),(808996,10,'Deandre','Good'),(809104,6,'Alexis','Holland'),(809491,7,'Terence','Giles'),(809726,13,'Bryce','Cox'),(809793,13,'Louisa','Ellison'),(810984,17,'Marissa','Caldwell'),(811092,6,'Tracie','Delaney'),(811489,6,'Susanna','Huff'),(811884,3,'Edwin','Perez'),(812026,10,'Jon','Mcneil'),(816768,1,'David','Gutierrez'),(817037,16,'Martin','Buchanan'),(817818,27,'Augustus','Hines'),(818352,11,'Allie','Landry'),(821474,14,'Jasper','Lucas'),(821754,32,'Kirsten','Wolf'),(821988,1,'Marc','Hurley'),(825343,23,'Eileen','Hobbs'),(825433,10,'Tara','Goodwin'),(825853,0,'Dominic','Mosley'),(828174,10,'Leon','Mcgowan'),(829416,12,'Jimmy','Molina'),(830006,11,'Enid','Pearson'),(830373,4,'Darnell','Hoffman'),(833424,30,'Denver','Mann'),(835545,34,'Janie','Velasquez'),(836259,16,'Vance','Osborne'),(836699,16,'Louella','Wolfe'),(837427,2,'Lynn','Howe'),(838662,5,'Sophia','Gregory'),(839558,7,'Teddy','Merritt'),(842752,20,'Tommie','Sanchez'),(842936,15,'Bernice','Conrad'),(843879,27,'Genevieve','Bradshaw'),(844571,22,'Rhea','Faulkner'),(845635,4,'Bettie','Holman'),(846100,4,'Earl','Gilbert'),(846144,28,'Edna','Paul'),(846178,13,'Lilia','Collins'),(848091,1,'Mack','Massey'),(848311,22,'Flora','Decker'),(848744,5,'Hector','Bradley'),(850297,7,'Shawna','Buck'),(851939,1,'Belinda','Trujillo'),(852587,1,'Clifton','Langley'),(854365,20,'Kelly','Spence'),(854776,3,'Jerry','Jacobs'),(855670,35,'Adrian','Robles'),(855988,6,'Christian','Morrison'),(856369,16,'Dominick','Robbins'),(856418,12,'Sallie','Huffman'),(857324,9,'Terra','Webb'),(860093,15,'Kitty','Clay'),(862150,2,'Mathew','Duran'),(862947,12,'Benita','Mcgee'),(863522,3,'Dudley','Preston'),(864339,33,'Tania','May'),(864516,10,'Liliana','Donovan'),(864834,18,'Milford','Dickerson'),(864858,4,'Ramon','Campbell'),(865495,0,'Thurman','Good'),(865628,4,'Desmond','Wynn'),(865905,0,'Nelson','Wilkins'),(866051,6,'Leann','Ortiz'),(866614,12,'Lonnie','Gonzales'),(866744,1,'Jorge','Wright'),(870351,8,'Ronny','Long'),(870463,22,'Salvador','Deleon'),(870904,8,'Maxine','Moran'),(871610,2,'Kenton','Moreno'),(871770,2,'Monique','Deleon'),(871827,17,'Israel','Mccarthy'),(873626,10,'Sheri','Spears'),(873985,0,'Carrie','Ramsey'),(874431,19,'Diego','Huffman'),(874971,33,'Roman','Clark'),(877422,4,'Nicholas','Branch'),(880526,18,'Willie','Gibson'),(880704,16,'Benjamin','Jennings'),(880808,8,'Marcelino','Tanner'),(884068,11,'Moises','Berger'),(884877,5,'Wilbur','Bates'),(885624,3,'Deidre','Anthony'),(885774,10,'Miles','Giles'),(886315,21,'Valentin','Montoya'),(887692,11,'Joseph','Tucker'),(888196,7,'Kathryn','Sargent'),(888277,1,'Wm','Carroll'),(890432,11,'Kimberly','Summers'),(891083,1,'Fletcher','Hardin'),(891142,12,'Jaime','Avery'),(893798,1,'Patrice','Koch'),(893976,12,'Beverly','Rosales'),(894936,16,'Vivian','Burnett'),(896022,19,'Lavern','Gardner'),(896825,8,'Erna','Tran'),(898816,10,'Edna','Riddle'),(899405,23,'Rocco','Wall'),(900863,4,'Barbra','Hobbs'),(901185,2,'Jonathon','Pearson'),(901588,33,'Mariana','Mcneil'),(901654,5,'Sandy','Gillespie'),(901775,0,'Opal','Hansen'),(902132,3,'Colleen','Bray'),(903098,0,'Philip','Mcbride'),(905335,3,'Ola','Hays'),(906259,10,'Juliana','Hines'),(906797,1,'Rico','Mayo'),(906870,15,'Arnulfo','Pittman'),(908007,2,'Debra','Pena'),(909024,11,'Barney','Guerrero'),(909139,5,'Eula','Atkinson'),(909265,4,'Mohamed','Fitzgerald'),(909337,7,'Rich','Bates'),(909541,34,'Clement','Myers'),(911800,3,'Esperanza','Wade'),(913253,13,'Carey','Ferrell'),(915507,7,'Kory','Roth'),(915993,16,'William','Morrison'),(918148,9,'Faye','Barrett'),(920668,2,'Joanna','Poole'),(921061,11,'Isaac','Cochran'),(923271,32,'Wilfredo','Richards'),(923329,14,'Nettie','Preston'),(924134,8,'Hubert','Zimmerman'),(924252,1,'Cecile','Ross'),(924281,28,'Reynaldo','Sosa'),(924304,6,'Elvira','Byrd'),(924427,24,'Dario','Townsend'),(924999,8,'Arron','Olsen'),(925484,11,'Elton','Ferguson'),(925954,11,'Katy','Glass'),(926224,8,'Kathleen','Middleton'),(928723,9,'Angela','Compton'),(928739,2,'Micheal','Shannon'),(928962,16,'Joshua','Small'),(929548,5,'Deidre','Barrett'),(929791,27,'Esperanza','Paul'),(930129,13,'Janelle','William'),(931481,2,'Ernesto','Short'),(931551,2,'Laurence','Camacho'),(932175,4,'Roxie','Mckay'),(932425,3,'Christoper','Haynes'),(932453,6,'Beatriz','Knowles'),(934285,21,'Jeremy','English'),(934912,12,'Faye','Mercer'),(935067,9,'Sonny','Carey'),(935745,2,'Kyle','Farmer'),(935890,1,'Jodie','Mckinney'),(937260,8,'Martha','Schmidt'),(937737,0,'Roberto','Caldwell'),(937931,7,'Raphael','Durham'),(938475,6,'Curtis','Hoover'),(939556,15,'Kurt','Oconnor'),(939970,8,'Merle','Britt'),(940754,16,'Nadine','Blanchard'),(941632,14,'Fern','Burris'),(941759,27,'Shaun','Evans'),(942454,6,'Josue','Cross'),(944699,8,'Norris','Mack'),(944811,12,'Margie','Deleon'),(946630,17,'Duncan','Chen'),(946835,12,'Marjorie','Wells'),(947334,7,'Frankie','Clark'),(948512,0,'Jared','Shepherd'),(950796,3,'Wilson','Mcmillan'),(951011,2,'Celeste','Ramirez'),(951857,4,'Sherri','Snyder'),(953967,13,'Cornell','Daniel'),(953997,4,'Graham','Hutchinson'),(955183,1,'Jonas','Underwood'),(955260,24,'Rodger','Roach'),(956821,32,'Benita','Duncan'),(957082,0,'Denise','Swanson'),(957459,27,'Caitlin','Mann'),(959306,17,'Shana','Gould'),(959506,14,'Arthur','Holloway'),(960091,17,'Genaro','Stafford'),(962851,6,'Kathie','Kirby'),(963113,20,'Lacy','Rowe'),(963676,15,'Bradley','Chan'),(964084,4,'Winston','Hewitt'),(964222,30,'Alana','Henderson'),(964798,8,'Orlando','Wilkerson'),(965308,0,'Lucinda','Mcgowan'),(966375,1,'Mathew','Hodge'),(966525,1,'Dion','Duffy'),(967793,8,'Louisa','Wallace'),(968785,15,'Noe','Clay'),(969572,11,'Ernesto','Moreno'),(970502,13,'Nora','Hansen'),(970841,5,'Marva','Santiago'),(971444,1,'Elias','Cabrera'),(974444,3,'Luther','Mcneil'),(975770,22,'Keven','Collins'),(976096,1,'Carroll','Sweeney'),(976347,2,'Kimberly','Harmon'),(977573,13,'Fritz','Gross'),(978535,0,'Fred','Hoffman'),(978745,2,'May','Hodge'),(979649,11,'Jamar','Castaneda'),(979873,15,'Susan','Schwartz'),(981925,18,'Ebony','Eaton'),(982922,2,'Bernadette','Glass'),(983480,18,'Elliott','Marks'),(987377,8,'Raymundo','Sims'),(988676,4,'Shawn','Rasmussen'),(988937,1,'Boyd','Valencia'),(990758,7,'Mae','Hurst'),(991522,16,'Thurman','Daniel'),(992197,4,'Benny','Smith'),(992569,13,'Rusty','Moran'),(993099,36,'Ricky','Snider'),(993675,12,'Damien','Rose'),(993792,19,'Colby','Holder'),(994907,0,'Lilian','Stein'),(995242,0,'Leonel','Atkins'),(995863,13,'Caleb','Poole'),(996768,3,'Ollie','Woods'),(998638,1,'Reyna','Mccoy'),(999219,0,'Vicky','Burgess'),(999475,2,'Carrie','Keller');
/*!40000 ALTER TABLE `member` ENABLE KEYS */;
UNLOCK TABLES;

--
-- Table structure for table `printer`
--

DROP TABLE IF EXISTS `printer`;
/*!40101 SET @saved_cs_client     = @@character_set_client */;
/*!50503 SET character_set_client = utf8mb4 */;
CREATE TABLE `printer` (
  `utility_ID` int NOT NULL,
  `remaining_cartage` int DEFAULT NULL,
  PRIMARY KEY (`utility_ID`),
  CONSTRAINT `printer_ibfk_1` FOREIGN KEY (`utility_ID`) REFERENCES `utilities` (`utility_ID`)
) ENGINE=InnoDB DEFAULT CHARSET=utf8mb4 COLLATE=utf8mb4_0900_ai_ci;
/*!40101 SET character_set_client = @saved_cs_client */;

--
-- Dumping data for table `printer`
--

LOCK TABLES `printer` WRITE;
/*!40000 ALTER TABLE `printer` DISABLE KEYS */;
INSERT INTO `printer` VALUES (1,5),(2,12),(3,54),(4,8),(8,31),(9,86),(10,57),(11,76),(12,89),(19,21),(20,12),(21,7),(22,40),(23,47),(24,79);
/*!40000 ALTER TABLE `printer` ENABLE KEYS */;
UNLOCK TABLES;

--
-- Table structure for table `student`
--

DROP TABLE IF EXISTS `student`;
/*!40101 SET @saved_cs_client     = @@character_set_client */;
/*!50503 SET character_set_client = utf8mb4 */;
CREATE TABLE `student` (
  `member_ID` int NOT NULL,
  `study_level` varchar(50) DEFAULT NULL,
  `library_ID` int DEFAULT NULL,
  `end_date` date DEFAULT NULL,
  `start_date` date DEFAULT NULL,
  `work_hours` int DEFAULT NULL,
  PRIMARY KEY (`member_ID`),
  KEY `library_ID` (`library_ID`),
  CONSTRAINT `student_ibfk_1` FOREIGN KEY (`member_ID`) REFERENCES `member` (`member_ID`),
  CONSTRAINT `student_ibfk_2` FOREIGN KEY (`library_ID`) REFERENCES `library` (`library_ID`)
) ENGINE=InnoDB DEFAULT CHARSET=utf8mb4 COLLATE=utf8mb4_0900_ai_ci;
/*!40101 SET character_set_client = @saved_cs_client */;

--
-- Dumping data for table `student`
--

LOCK TABLES `student` WRITE;
/*!40000 ALTER TABLE `student` DISABLE KEYS */;
INSERT INTO `student` VALUES (114425,'Freshman',3,NULL,'2000-02-22',9),(116530,'Freshman',2,NULL,'2001-12-02',0),(117603,'Senior',3,NULL,'2012-01-18',0),(117956,'Senior',2,NULL,'2010-05-23',0),(118236,'Freshman',2,NULL,'2010-08-26',8),(118882,'Sophomore',3,NULL,'2002-06-15',0),(119399,'Freshman',2,NULL,'2005-10-20',0),(122005,'Junior',1,NULL,'2010-08-03',4),(124923,'Junior',1,NULL,'2007-09-28',0),(125134,'Sophomore',2,NULL,'2002-12-12',0),(125823,'Sophomore',3,NULL,'2005-07-08',0),(126137,'Junior',3,NULL,'2014-01-02',0),(126316,'Sophomore',3,NULL,'2000-12-05',0),(127205,'Sophomore',3,NULL,'2003-07-31',0),(129077,'Freshman',3,NULL,'2016-09-19',0),(129426,'Sophomore',2,NULL,'2001-11-16',0),(130501,'Senior',3,NULL,'2007-07-06',0),(130591,'Senior',1,NULL,'2005-11-05',1),(133610,'Freshman',2,NULL,'2002-08-31',0),(135089,'Sophomore',3,NULL,'2005-02-19',7),(136626,'Freshman',2,NULL,'2013-03-22',2),(138351,'Junior',3,NULL,'2002-02-03',0),(138800,'Freshman',1,NULL,'2006-03-01',0),(141022,'Junior',3,NULL,'2006-08-31',3),(141086,'Senior',3,NULL,'2012-12-03',4),(141178,'Junior',1,NULL,'2015-08-15',8),(141326,'Freshman',2,NULL,'2002-08-21',5),(142501,'Freshman',1,NULL,'2007-02-11',0),(143029,'Sophomore',1,NULL,'2004-07-23',0),(143864,'Junior',1,NULL,'2006-06-12',0),(143898,'Senior',3,NULL,'2007-05-08',12),(144114,'Sophomore',3,NULL,'2011-12-16',2),(144235,'Freshman',3,NULL,'2011-03-17',9),(144715,'Junior',2,NULL,'2013-06-20',9),(145327,'Sophomore',3,NULL,'2008-11-11',4),(146790,'Junior',2,NULL,'2008-09-18',0),(146825,'Junior',3,NULL,'2006-01-21',2),(147313,'Sophomore',1,NULL,'2000-01-04',0),(149750,'Freshman',1,NULL,'2004-09-18',0),(149763,'Senior',3,NULL,'2002-06-03',5),(149844,'Junior',3,NULL,'2011-07-21',0),(149904,'Freshman',1,NULL,'2006-05-02',5),(150036,'Freshman',2,NULL,'2008-05-20',0),(151449,'Senior',3,NULL,'2003-12-28',0),(155570,'Senior',3,NULL,'2012-03-17',4),(155916,'Sophomore',2,NULL,'2016-08-15',0),(155956,'Freshman',1,NULL,'2014-07-08',8),(158543,'Junior',2,NULL,'2007-08-11',5),(158689,'Senior',1,NULL,'2000-07-25',12),(159108,'Senior',1,NULL,'2007-07-01',10),(159472,'Senior',3,NULL,'2005-05-04',8),(160350,'Senior',3,NULL,'2009-08-17',0),(160503,'Junior',2,NULL,'2006-01-11',6),(161109,'Junior',1,NULL,'2003-04-06',0),(161467,'Junior',1,NULL,'2015-03-23',0),(162573,'Sophomore',1,NULL,'2013-03-30',8),(162773,'Junior',2,NULL,'2000-07-13',0),(163351,'Junior',2,NULL,'2003-12-02',0),(166615,'Junior',2,NULL,'2001-11-22',11),(166790,'Senior',2,NULL,'2011-02-28',1),(168016,'Senior',1,NULL,'2005-05-11',0),(168824,'Senior',1,'2013-03-22','2006-10-01',6),(168829,'Sophomore',1,'2011-11-15','2003-06-06',5),(169348,'Freshman',3,NULL,'2014-09-05',3),(169763,'Senior',1,NULL,'2014-04-20',4),(171553,'Sophomore',3,NULL,'2010-05-28',12),(175035,'Freshman',1,NULL,'2006-04-19',9),(176214,'Freshman',1,NULL,'2008-06-15',0),(177821,'Sophomore',3,'2012-08-23','2009-02-07',4),(177982,'Sophomore',1,NULL,'2010-01-21',0),(178602,'Junior',1,NULL,'2008-08-02',5),(180696,'Junior',1,NULL,'2010-09-23',0),(182719,'Junior',1,NULL,'2008-07-17',11),(185077,'Sophomore',1,NULL,'2004-05-05',3),(186102,'Senior',3,NULL,'2016-03-24',11),(188409,'Senior',2,'2016-04-17','2000-11-11',0),(189557,'Junior',2,NULL,'2002-03-07',9),(191240,'Sophomore',2,NULL,'2010-04-25',1),(191963,'Junior',1,NULL,'2007-05-28',7),(191985,'Freshman',2,NULL,'2009-01-31',0),(191995,'Freshman',2,NULL,'2000-06-22',0),(192175,'Senior',1,NULL,'2004-08-06',7),(192292,'Junior',3,NULL,'2014-09-28',0),(194598,'Freshman',2,NULL,'2002-09-06',0),(196011,'Senior',2,NULL,'2008-12-07',0),(196645,'Sophomore',3,NULL,'2012-08-23',0),(197867,'Freshman',3,NULL,'2005-06-29',5),(201612,'Junior',1,NULL,'2008-08-23',0),(201710,'Sophomore',1,NULL,'2002-05-05',6),(202408,'Freshman',3,NULL,'2014-01-15',0),(204626,'Senior',1,NULL,'2008-12-06',0),(205347,'Junior',2,NULL,'2016-09-01',0),(205865,'Senior',1,NULL,'2004-10-16',0),(206279,'Senior',3,'2015-11-03','2002-02-27',0),(206695,'Sophomore',2,NULL,'2003-02-15',0),(206783,'Senior',1,NULL,'2008-05-27',1),(206997,'Freshman',3,NULL,'2004-09-11',0),(208230,'Freshman',3,NULL,'2011-10-23',0),(208375,'Junior',1,NULL,'2000-12-11',0),(208763,'Sophomore',1,NULL,'2003-09-24',0),(211129,'Junior',2,NULL,'2003-04-15',0),(211729,'Sophomore',2,NULL,'2012-01-13',0),(212917,'Senior',1,'2016-02-28','2007-04-17',7),(213493,'Freshman',3,NULL,'2003-12-01',0),(215473,'Freshman',2,NULL,'2010-11-25',0),(215589,'Junior',2,NULL,'2005-12-01',0),(217117,'Freshman',3,NULL,'2012-03-21',0),(219020,'Sophomore',1,NULL,'2005-03-17',6),(220061,'Freshman',3,NULL,'2007-06-20',0),(221262,'Freshman',3,NULL,'2003-09-11',0),(222807,'Sophomore',1,NULL,'2012-06-07',0),(223379,'Sophomore',3,NULL,'2004-11-05',0),(224106,'Freshman',3,NULL,'2004-07-27',0),(224473,'Freshman',3,NULL,'2010-05-23',1),(225090,'Junior',1,NULL,'2014-04-16',10),(225139,'Senior',1,NULL,'2004-07-26',0),(226811,'Senior',3,NULL,'2009-03-10',0),(226863,'Junior',1,NULL,'2005-10-28',0),(229037,'Sophomore',1,NULL,'2003-11-15',5),(230226,'Freshman',1,NULL,'2010-05-29',0),(230829,'Senior',1,NULL,'2001-08-09',0),(232070,'Sophomore',3,NULL,'2002-06-08',0),(232194,'Sophomore',3,NULL,'2011-09-12',0),(232387,'Sophomore',2,NULL,'2009-06-03',0),(232425,'Junior',3,NULL,'2000-10-10',0),(232585,'Freshman',2,NULL,'2007-04-07',0),(232661,'Sophomore',2,NULL,'2000-08-18',5),(232794,'Sophomore',3,NULL,'2003-05-25',4),(233110,'Junior',1,NULL,'2000-01-27',0),(234177,'Sophomore',1,NULL,'2010-09-14',0),(234429,'Sophomore',2,'2012-08-23','2001-12-27',0),(234880,'Senior',1,NULL,'2009-03-29',0),(236366,'Junior',3,NULL,'2006-08-13',0),(237003,'Freshman',2,NULL,'2016-08-22',0),(237448,'Sophomore',3,NULL,'2000-11-09',0),(237902,'Sophomore',2,NULL,'2016-08-16',0),(238361,'Junior',2,NULL,'2016-08-03',5),(238992,'Sophomore',3,NULL,'2003-11-22',12),(239010,'Junior',1,NULL,'2001-08-17',0),(239168,'Sophomore',2,NULL,'2006-03-31',0),(239415,'Senior',3,NULL,'2005-02-22',0),(240295,'Sophomore',2,NULL,'2012-08-23',3),(240842,'Freshman',2,NULL,'2010-06-17',0),(241302,'Freshman',2,NULL,'2013-02-06',0),(242740,'Freshman',1,NULL,'2007-01-01',0),(244500,'Sophomore',3,NULL,'2016-09-05',0),(245059,'Freshman',1,NULL,'2010-02-02',0),(248449,'Freshman',1,NULL,'2002-05-09',6),(249180,'Freshman',3,NULL,'2013-09-15',6),(251151,'Senior',1,NULL,'2006-01-12',0),(251640,'Sophomore',1,NULL,'2007-05-24',0),(252371,'Sophomore',2,NULL,'2003-02-04',8),(252938,'Freshman',1,NULL,'2009-04-26',4),(253588,'Junior',1,NULL,'2010-06-25',8),(255640,'Freshman',3,NULL,'2012-09-15',11),(257927,'Freshman',3,'2016-02-28','2000-05-04',1),(262702,'Junior',1,NULL,'2012-06-14',0),(262843,'Junior',2,NULL,'2010-09-12',10),(264960,'Senior',2,NULL,'2010-05-31',12),(265124,'Freshman',2,NULL,'2015-06-15',9),(266284,'Freshman',3,NULL,'2016-02-28',2),(269523,'Sophomore',3,NULL,'2005-04-08',3),(271180,'Senior',1,NULL,'2014-11-18',0),(271247,'Freshman',2,NULL,'2007-12-16',0),(272885,'Sophomore',3,NULL,'2002-07-09',0),(273325,'Senior',1,NULL,'2009-04-21',0),(273645,'Senior',2,NULL,'2011-10-03',6),(273769,'Freshman',1,NULL,'2001-07-12',0),(274518,'Senior',3,NULL,'2011-05-20',0),(275491,'Senior',3,NULL,'2014-11-21',1),(276700,'Senior',2,NULL,'2011-02-23',0),(277858,'Freshman',1,NULL,'2015-08-22',0),(278391,'Sophomore',1,NULL,'2007-10-07',8),(279563,'Freshman',2,NULL,'2002-09-22',10),(280326,'Freshman',3,NULL,'2000-06-08',0),(280781,'Senior',1,NULL,'2013-05-14',0),(280832,'Sophomore',2,NULL,'2015-10-05',0),(282037,'Freshman',2,NULL,'2015-07-04',4),(282137,'Freshman',3,NULL,'2014-10-10',0),(282678,'Senior',1,NULL,'2009-12-07',0),(283199,'Freshman',3,NULL,'2000-05-20',0),(286890,'Junior',1,NULL,'2002-03-29',0),(287114,'Senior',1,NULL,'2000-02-08',9),(287787,'Junior',3,NULL,'2000-01-09',7),(288568,'Freshman',2,'2016-02-25','2010-09-06',0),(288820,'Sophomore',2,NULL,'2001-11-19',0),(289041,'Junior',3,NULL,'2007-12-29',0),(290034,'Junior',1,NULL,'2010-02-01',0),(290808,'Sophomore',3,NULL,'2009-11-19',2),(291577,'Senior',1,NULL,'2006-03-18',0),(291663,'Sophomore',3,NULL,'2008-04-01',0),(294276,'Sophomore',3,NULL,'2001-02-26',0),(295864,'Senior',1,NULL,'2003-03-23',0),(295933,'Sophomore',1,NULL,'2013-04-21',0),(297059,'Junior',1,NULL,'2008-11-08',5),(297502,'Junior',2,NULL,'2002-03-08',3),(297741,'Freshman',2,NULL,'2004-08-11',11),(300693,'Sophomore',2,NULL,'2010-06-25',6),(304721,'Sophomore',3,NULL,'2007-08-09',4),(305556,'Senior',2,NULL,'2012-03-16',4),(306185,'Sophomore',2,NULL,'2002-03-27',11),(307715,'Freshman',3,NULL,'2003-05-17',0),(307771,'Junior',3,NULL,'2014-11-27',0),(308125,'Freshman',1,NULL,'2000-02-26',0),(308129,'Sophomore',1,NULL,'2015-02-13',0),(308617,'Freshman',1,NULL,'2011-10-15',7),(310986,'Junior',3,NULL,'2009-06-15',4),(311079,'Sophomore',1,NULL,'2000-06-07',11),(313864,'Senior',1,NULL,'2002-08-06',9),(315565,'Senior',1,NULL,'2011-04-04',0),(316407,'Junior',1,NULL,'2010-12-12',0),(316579,'Senior',2,NULL,'2016-02-17',10),(316995,'Senior',3,NULL,'2010-03-31',7),(316999,'Freshman',2,NULL,'2007-06-16',0),(317525,'Freshman',2,NULL,'2003-10-15',0),(318026,'Junior',2,NULL,'2015-02-18',0),(318571,'Freshman',3,NULL,'2008-03-04',10),(319493,'Sophomore',3,NULL,'2000-11-16',0),(323914,'Senior',2,NULL,'2016-05-12',5),(326358,'Freshman',2,NULL,'2005-08-31',3),(326407,'Junior',2,NULL,'2012-06-13',10),(327467,'Freshman',1,NULL,'2012-07-22',0),(328389,'Freshman',1,NULL,'2004-07-23',0),(328562,'Freshman',2,NULL,'2009-04-05',6),(328740,'Sophomore',3,NULL,'2005-04-19',0),(330816,'Freshman',3,NULL,'2013-01-01',2),(330889,'Junior',3,NULL,'2006-08-14',0),(332802,'Sophomore',3,NULL,'2015-12-22',10),(333260,'Freshman',1,NULL,'2005-08-06',0),(335435,'Freshman',3,NULL,'2011-07-02',0),(335470,'Senior',2,NULL,'2004-12-20',0),(337955,'Freshman',3,'2016-02-28','2004-01-10',1),(338449,'Junior',3,NULL,'2016-09-04',0),(338556,'Sophomore',1,NULL,'2003-03-03',10),(339483,'Senior',3,NULL,'2009-05-12',8),(339806,'Freshman',3,'2013-05-13','2007-07-17',0),(340599,'Junior',2,NULL,'2016-06-24',0),(341048,'Senior',1,NULL,'2009-02-15',0),(344607,'Sophomore',2,NULL,'2010-01-05',7),(346662,'Freshman',3,NULL,'2003-10-20',11),(349751,'Senior',2,NULL,'2005-03-04',0),(350367,'Freshman',3,NULL,'2001-03-12',11),(350842,'Freshman',3,NULL,'2013-06-29',0),(352677,'Freshman',3,NULL,'2016-02-22',0),(354363,'Freshman',1,NULL,'2007-05-22',12),(358556,'Sophomore',1,NULL,'2007-04-30',0),(358935,'Sophomore',3,NULL,'2004-06-19',4),(360498,'Junior',3,NULL,'2015-06-06',0),(362287,'Senior',3,NULL,'2015-08-15',4),(363951,'Freshman',2,NULL,'2014-05-31',7),(368041,'Freshman',2,NULL,'2012-10-09',0),(369712,'Junior',1,NULL,'2010-10-10',3),(372188,'Senior',1,NULL,'2016-09-03',0),(375797,'Junior',1,NULL,'2013-09-24',0),(381338,'Sophomore',1,NULL,'2001-04-08',3),(381597,'Sophomore',1,NULL,'2001-03-27',0),(384810,'Senior',2,NULL,'2006-05-17',0),(385932,'Sophomore',1,NULL,'2003-06-08',0),(390973,'Junior',2,NULL,'2012-08-07',0),(392678,'Sophomore',2,NULL,'2014-03-28',2),(394200,'Sophomore',2,NULL,'2015-02-20',0),(394700,'Freshman',3,NULL,'2001-11-29',0),(395792,'Junior',1,NULL,'2009-09-10',7),(395867,'Sophomore',2,NULL,'2012-03-25',0),(396091,'Junior',1,NULL,'2005-08-14',0),(396135,'Sophomore',1,NULL,'2007-05-18',10),(397164,'Senior',2,NULL,'2002-05-12',0),(398788,'Junior',1,NULL,'2008-01-21',11),(399192,'Junior',1,NULL,'2013-10-25',0),(399486,'Freshman',1,NULL,'2003-05-30',0),(402452,'Senior',1,NULL,'2006-11-30',0),(403674,'Sophomore',3,NULL,'2010-12-13',4),(403910,'Freshman',1,NULL,'2012-08-04',0),(404070,'Junior',1,NULL,'2000-04-01',10),(407160,'Senior',2,NULL,'2013-07-08',0),(408036,'Senior',3,NULL,'2003-09-22',0),(408248,'Senior',3,NULL,'2015-05-18',0),(409341,'Sophomore',2,NULL,'2012-09-22',0),(409492,'Senior',3,NULL,'2010-02-02',0),(410027,'Senior',1,NULL,'2014-11-13',0),(410300,'Freshman',3,NULL,'2004-03-11',2),(410844,'Senior',1,NULL,'2000-10-22',0),(411066,'Junior',1,NULL,'2015-08-05',0),(411196,'Freshman',1,NULL,'2003-10-25',0),(412201,'Sophomore',1,NULL,'2012-09-06',7),(412317,'Junior',3,NULL,'2006-08-30',3),(414129,'Sophomore',1,NULL,'2012-10-13',0),(414557,'Freshman',3,NULL,'2004-07-24',0),(414967,'Senior',1,NULL,'2003-06-10',6),(415004,'Sophomore',1,'2012-08-23','2002-03-23',5),(415161,'Junior',3,NULL,'2006-08-21',10),(415537,'Senior',3,NULL,'2014-12-13',0),(416483,'Senior',3,NULL,'2006-10-23',0),(416872,'Senior',2,NULL,'2004-08-08',0),(419075,'Senior',3,NULL,'2002-01-08',4),(421652,'Junior',2,NULL,'2007-02-18',0),(421955,'Senior',1,NULL,'2007-12-09',12),(422323,'Senior',3,NULL,'2001-01-30',0),(423008,'Sophomore',2,NULL,'2006-09-21',0),(423470,'Sophomore',3,NULL,'2009-01-01',4),(423508,'Junior',3,NULL,'2015-03-01',0),(430202,'Freshman',1,NULL,'2014-10-31',0),(430843,'Sophomore',2,NULL,'2007-03-11',6),(431841,'Senior',1,NULL,'2001-09-22',4),(432168,'Junior',2,NULL,'2007-12-02',5),(433510,'Junior',1,NULL,'2016-02-10',8),(433698,'Sophomore',2,NULL,'2013-05-27',0),(434046,'Junior',1,NULL,'2009-01-23',4),(434723,'Junior',3,NULL,'2009-07-12',1),(435055,'Freshman',1,NULL,'2002-06-02',0),(437878,'Senior',1,NULL,'2000-01-20',0),(437970,'Junior',3,NULL,'2010-03-07',0),(438094,'Junior',3,NULL,'2015-08-06',0),(438561,'Sophomore',3,NULL,'2008-03-03',0),(443072,'Freshman',3,NULL,'2003-09-08',0),(445516,'Sophomore',2,NULL,'2002-07-13',0),(445556,'Sophomore',2,NULL,'2010-01-06',0),(446702,'Sophomore',2,NULL,'2009-02-28',0),(449164,'Junior',1,NULL,'2001-06-22',0),(449655,'Sophomore',3,NULL,'2016-02-25',0),(451543,'Sophomore',2,NULL,'2013-02-20',0),(451940,'Senior',3,NULL,'2000-06-24',0),(451972,'Sophomore',1,NULL,'2010-10-05',2),(452230,'Senior',3,NULL,'2003-08-06',0),(454287,'Sophomore',3,NULL,'2004-11-20',0),(454506,'Freshman',3,NULL,'2007-12-27',0),(454745,'Sophomore',3,NULL,'2003-01-19',0),(456842,'Junior',3,NULL,'2011-05-10',0),(457714,'Senior',1,NULL,'2009-10-12',0),(458320,'Sophomore',2,'2014-12-18','2004-09-11',12),(458765,'Freshman',3,NULL,'2013-12-25',10),(461350,'Freshman',3,NULL,'2016-01-13',0),(461385,'Senior',1,NULL,'2009-06-07',12),(463579,'Sophomore',1,NULL,'2015-12-31',0),(463743,'Junior',2,NULL,'2000-03-20',7),(463784,'Senior',1,NULL,'2014-09-22',12),(463929,'Senior',1,NULL,'2001-04-08',0),(466860,'Sophomore',3,NULL,'2013-01-03',0),(468128,'Freshman',3,NULL,'2011-08-26',0),(469392,'Sophomore',2,NULL,'2009-10-25',0),(471560,'Junior',3,NULL,'2005-02-28',0),(471961,'Junior',2,NULL,'2010-06-19',0),(472119,'Junior',2,NULL,'2013-03-29',0),(473773,'Freshman',2,NULL,'2005-10-03',0),(474759,'Sophomore',1,NULL,'2003-01-26',7),(475176,'Freshman',3,NULL,'2010-10-12',0),(476072,'Junior',2,NULL,'2015-06-25',0),(476635,'Sophomore',3,NULL,'2003-04-27',0),(476750,'Junior',1,NULL,'2014-06-07',0),(479754,'Junior',2,NULL,'2010-10-01',0),(479832,'Junior',1,NULL,'2007-10-11',7),(481137,'Senior',1,NULL,'2014-03-06',0),(481176,'Freshman',3,NULL,'2014-01-18',0),(483751,'Senior',1,NULL,'2014-12-18',4),(486465,'Senior',2,NULL,'2006-04-13',0),(487100,'Junior',3,NULL,'2002-08-21',8),(488068,'Freshman',1,NULL,'2004-11-01',0),(489463,'Senior',1,NULL,'2005-01-20',0),(489761,'Sophomore',2,NULL,'2010-08-14',0),(490868,'Freshman',1,NULL,'2015-09-21',0),(491595,'Sophomore',2,NULL,'2002-09-07',12),(495105,'Junior',1,NULL,'2004-09-29',0),(497086,'Junior',2,NULL,'2014-11-24',0),(498653,'Senior',1,NULL,'2011-12-24',0),(500345,'Sophomore',1,NULL,'2012-07-07',0),(501422,'Senior',2,NULL,'2007-09-09',11),(502509,'Senior',2,NULL,'2006-11-17',0),(504422,'Senior',3,NULL,'2008-12-20',0),(505362,'Junior',3,NULL,'2000-08-12',0),(505758,'Sophomore',3,NULL,'2003-06-13',9),(505780,'Senior',2,NULL,'2008-08-21',7),(507999,'Junior',1,NULL,'2000-11-13',0),(508019,'Senior',2,'2015-11-03','2010-04-01',0),(509911,'Senior',2,NULL,'2004-02-08',12),(510431,'Freshman',1,NULL,'2010-07-27',0),(513011,'Freshman',3,NULL,'2008-02-18',9),(513773,'Senior',1,NULL,'2016-04-10',4),(516945,'Junior',1,NULL,'2000-09-18',0),(517038,'Sophomore',1,NULL,'2014-03-28',0),(517283,'Senior',2,NULL,'2000-01-20',0),(518154,'Junior',2,NULL,'2002-01-13',0),(518193,'Sophomore',2,NULL,'2013-01-28',0),(520092,'Sophomore',2,NULL,'2014-01-13',11),(520702,'Freshman',3,NULL,'2003-09-07',11),(520719,'Freshman',2,NULL,'2016-07-04',0),(521878,'Freshman',3,NULL,'2003-07-01',0),(528086,'Freshman',1,NULL,'2000-12-02',5),(528576,'Junior',3,NULL,'2009-07-15',0),(528969,'Senior',2,NULL,'2013-10-04',0),(530958,'Freshman',1,NULL,'2004-04-19',0),(532002,'Sophomore',2,NULL,'2004-12-10',4),(532285,'Sophomore',2,NULL,'2008-04-16',12),(535812,'Freshman',2,NULL,'2016-05-18',0),(536053,'Junior',1,NULL,'2001-04-08',0),(539548,'Sophomore',1,NULL,'2015-03-23',0),(540019,'Junior',3,NULL,'2003-02-15',0),(540696,'Freshman',2,NULL,'2005-10-20',0),(541867,'Senior',1,NULL,'2007-06-04',0),(542826,'Junior',3,NULL,'2006-10-02',1),(543320,'Sophomore',1,NULL,'2011-01-25',0),(547050,'Sophomore',3,NULL,'2007-08-01',0),(547420,'Freshman',3,NULL,'2011-12-11',11),(551251,'Sophomore',1,NULL,'2015-11-03',0),(552582,'Sophomore',3,NULL,'2014-08-23',6),(553362,'Sophomore',3,NULL,'2000-06-04',0),(554345,'Junior',3,NULL,'2004-01-16',0),(555551,'Senior',3,NULL,'2011-12-04',0),(556491,'Freshman',3,NULL,'2010-05-08',3),(556518,'Senior',2,NULL,'2007-11-27',0),(556573,'Junior',1,NULL,'2006-05-02',7),(557561,'Freshman',3,NULL,'2005-06-22',0),(559421,'Junior',2,NULL,'2013-08-21',7),(562109,'Sophomore',2,NULL,'2009-02-17',11),(562393,'Sophomore',2,NULL,'2007-11-27',0),(563580,'Freshman',3,NULL,'2014-07-06',0),(564246,'Senior',2,NULL,'2011-07-05',0),(565658,'Senior',2,NULL,'2001-06-10',0),(569664,'Freshman',3,NULL,'2001-08-30',0),(570009,'Senior',3,NULL,'2005-07-27',0),(570767,'Freshman',3,NULL,'2011-04-16',0),(572348,'Sophomore',1,'2013-05-13','2003-08-27',0),(574256,'Senior',3,NULL,'2011-10-25',0),(575035,'Sophomore',3,NULL,'2002-03-13',0),(579618,'Freshman',1,NULL,'2007-05-22',5),(581042,'Senior',3,NULL,'2010-01-18',0),(581261,'Freshman',3,NULL,'2000-01-30',12),(581563,'Junior',2,NULL,'2007-06-17',8),(582100,'Freshman',3,NULL,'2016-05-13',0),(583282,'Junior',3,NULL,'2011-12-21',7),(583924,'Freshman',2,NULL,'2014-09-08',2),(585128,'Junior',2,NULL,'2011-06-05',0),(586177,'Junior',3,NULL,'2010-09-01',0),(586207,'Freshman',3,NULL,'2012-11-21',3),(587361,'Freshman',2,NULL,'2008-01-22',6),(587373,'Freshman',1,NULL,'2015-08-27',0),(588553,'Junior',2,NULL,'2007-07-03',0),(588664,'Senior',3,NULL,'2001-04-19',0),(588702,'Junior',3,NULL,'2010-09-05',0),(589440,'Freshman',2,NULL,'2014-06-18',0),(590579,'Senior',3,NULL,'2012-07-06',2),(590955,'Junior',1,NULL,'2011-06-28',0),(591248,'Freshman',3,NULL,'2010-03-11',0),(591698,'Senior',2,NULL,'2002-01-16',0),(593953,'Junior',1,NULL,'2006-05-17',8),(596366,'Senior',1,NULL,'2011-03-19',4),(596917,'Sophomore',3,NULL,'2013-03-15',6),(597202,'Junior',1,NULL,'2001-02-09',4),(597805,'Junior',3,NULL,'2001-03-16',4),(599012,'Junior',1,NULL,'2011-05-04',0),(601071,'Freshman',2,'2016-05-12','2007-03-23',2),(602683,'Freshman',2,NULL,'2009-01-03',6),(603179,'Senior',3,NULL,'2006-01-05',5),(603575,'Junior',3,NULL,'2009-12-27',11),(606109,'Freshman',2,NULL,'2008-07-02',0),(608832,'Junior',1,NULL,'2000-07-13',7),(611233,'Sophomore',3,NULL,'2003-05-21',0),(611384,'Junior',3,NULL,'2015-12-02',0),(612850,'Junior',3,NULL,'2012-11-08',4),(615857,'Junior',2,NULL,'2003-07-25',0),(616656,'Sophomore',1,NULL,'2010-11-28',0),(616665,'Freshman',1,NULL,'2015-12-18',4),(618339,'Sophomore',3,NULL,'2010-05-31',0),(618554,'Junior',2,NULL,'2007-07-28',0),(620634,'Junior',3,NULL,'2001-05-18',12),(621375,'Senior',3,NULL,'2012-11-29',2),(621606,'Freshman',2,NULL,'2011-02-27',0),(621988,'Senior',1,NULL,'2005-03-13',0),(625981,'Freshman',1,NULL,'2016-05-18',12),(626693,'Sophomore',3,NULL,'2008-09-03',0),(629763,'Freshman',2,NULL,'2011-08-07',0),(633255,'Freshman',3,NULL,'2013-03-27',7),(634658,'Sophomore',3,NULL,'2010-11-04',1),(635915,'Senior',3,NULL,'2002-01-24',0),(636018,'Freshman',2,NULL,'2002-02-04',0),(636457,'Sophomore',2,NULL,'2001-10-07',0),(637843,'Senior',1,NULL,'2015-03-26',0),(638900,'Freshman',2,NULL,'2007-12-22',0),(638943,'Freshman',1,NULL,'2001-12-29',3),(639474,'Senior',1,NULL,'2011-11-30',0),(641096,'Junior',3,NULL,'2006-09-10',4),(641368,'Freshman',3,NULL,'2012-04-16',0),(642418,'Sophomore',1,NULL,'2004-05-22',0),(645393,'Senior',2,NULL,'2012-11-11',0),(648118,'Freshman',1,NULL,'2004-03-06',4),(648744,'Junior',3,NULL,'2002-01-21',0),(648913,'Junior',2,NULL,'2007-12-20',5),(649821,'Junior',1,NULL,'2010-01-18',0),(651120,'Senior',3,NULL,'2006-03-09',5),(651597,'Junior',1,NULL,'2003-09-12',0),(651738,'Junior',1,NULL,'2009-08-23',0),(651910,'Freshman',2,NULL,'2008-01-08',0),(652723,'Sophomore',2,NULL,'2001-01-19',0),(654102,'Sophomore',3,NULL,'2007-04-09',0),(654747,'Freshman',2,NULL,'2003-07-30',0),(657125,'Freshman',1,NULL,'2016-03-18',0),(657908,'Freshman',3,NULL,'2013-10-20',0),(664249,'Junior',3,NULL,'2006-02-04',2),(665326,'Senior',1,NULL,'2012-11-08',0),(666886,'Freshman',1,NULL,'2016-10-07',0),(668717,'Sophomore',3,NULL,'2002-09-19',6),(670526,'Freshman',3,'2016-04-17','2001-11-08',0),(673049,'Senior',3,NULL,'2012-08-20',5),(673126,'Sophomore',1,NULL,'2008-09-30',0),(673438,'Freshman',2,NULL,'2003-03-03',0),(673451,'Senior',3,NULL,'2007-06-26',0),(676618,'Sophomore',1,NULL,'2014-12-04',8),(677871,'Sophomore',2,NULL,'2006-06-13',0),(678436,'Junior',3,NULL,'2002-08-20',0),(679572,'Junior',1,NULL,'2015-01-04',0),(679990,'Senior',2,NULL,'2006-07-13',0),(680485,'Sophomore',2,NULL,'2013-05-13',0),(683325,'Junior',2,NULL,'2001-07-23',0),(684446,'Freshman',2,NULL,'2003-12-23',0),(685818,'Freshman',3,NULL,'2010-09-06',0),(688327,'Junior',2,NULL,'2011-08-19',0),(689587,'Freshman',3,NULL,'2002-02-21',0),(690117,'Sophomore',2,NULL,'2014-06-22',0),(694921,'Freshman',1,NULL,'2008-02-24',0),(695631,'Senior',3,NULL,'2009-07-25',11),(696218,'Sophomore',2,NULL,'2016-07-04',0),(696612,'Senior',1,NULL,'2015-02-15',0),(697802,'Sophomore',3,NULL,'2011-10-19',0),(700418,'Freshman',2,NULL,'2003-10-02',0),(701223,'Sophomore',3,NULL,'2016-07-30',1),(702034,'Senior',1,NULL,'2010-02-04',3),(703738,'Junior',2,NULL,'2015-06-27',0),(706151,'Junior',2,'2016-02-25','2015-05-17',0),(707453,'Freshman',3,'2015-11-03','2006-11-04',0),(707520,'Junior',1,NULL,'2006-02-04',1),(707856,'Sophomore',3,NULL,'2004-10-13',0),(709146,'Junior',1,NULL,'2012-08-30',0),(709748,'Freshman',1,NULL,'2015-07-29',0),(712045,'Sophomore',3,NULL,'2014-05-29',0),(713805,'Freshman',3,NULL,'2004-07-06',6),(717861,'Sophomore',2,NULL,'2008-12-27',0),(719798,'Sophomore',3,NULL,'2008-09-02',0),(721098,'Freshman',3,NULL,'2003-10-22',10),(722543,'Junior',1,NULL,'2010-10-11',1),(724235,'Junior',2,NULL,'2010-12-30',4),(725424,'Freshman',3,NULL,'2013-03-27',8),(725857,'Freshman',2,NULL,'2011-05-03',7),(728839,'Junior',1,NULL,'2002-04-19',0),(732315,'Freshman',1,NULL,'2011-11-26',0),(733184,'Sophomore',2,NULL,'2016-09-08',0),(734991,'Senior',3,NULL,'2012-05-13',0),(735499,'Sophomore',2,NULL,'2007-08-11',0),(735598,'Junior',1,NULL,'2009-12-04',0),(737292,'Freshman',3,NULL,'2001-04-17',2),(738794,'Sophomore',2,NULL,'2001-07-18',0),(739367,'Senior',2,NULL,'2003-02-14',0),(740281,'Junior',2,NULL,'2009-06-04',10),(743314,'Senior',1,NULL,'2012-10-01',0),(743727,'Junior',2,NULL,'2012-08-25',0),(744539,'Sophomore',3,'2013-05-13','2004-11-08',0),(745672,'Freshman',1,NULL,'2011-12-30',1),(746945,'Senior',3,NULL,'2000-11-06',0),(747004,'Sophomore',1,NULL,'2013-05-25',0),(747200,'Sophomore',1,NULL,'2005-09-13',7),(747647,'Sophomore',2,NULL,'2002-04-05',0),(749765,'Freshman',3,NULL,'2013-01-16',11),(750124,'Sophomore',3,NULL,'2006-02-05',0),(750581,'Junior',1,'2012-08-23','2004-06-13',10),(751376,'Freshman',2,NULL,'2011-04-27',0),(751897,'Sophomore',3,NULL,'2004-05-23',0),(752301,'Freshman',3,NULL,'2000-05-28',0),(752997,'Sophomore',2,NULL,'2003-01-21',0),(754091,'Senior',1,NULL,'2013-08-28',0),(755278,'Sophomore',1,NULL,'2010-06-09',0),(755543,'Senior',3,NULL,'2000-08-29',0),(759226,'Sophomore',3,NULL,'2001-01-04',0),(759248,'Sophomore',1,NULL,'2010-10-29',12),(760573,'Junior',1,NULL,'2008-11-05',0),(761381,'Sophomore',2,NULL,'2011-10-18',12),(763039,'Freshman',2,NULL,'2010-07-08',0),(763459,'Sophomore',3,NULL,'2007-10-05',0),(764254,'Junior',3,NULL,'2007-03-17',0),(766745,'Senior',1,NULL,'2012-03-22',0),(766783,'Sophomore',3,NULL,'2014-01-21',9),(768457,'Sophomore',1,NULL,'2015-10-08',3),(768943,'Junior',1,NULL,'2004-05-15',0),(769123,'Sophomore',1,NULL,'2016-01-01',12),(770255,'Senior',3,NULL,'2002-01-06',0),(770810,'Junior',2,NULL,'2004-10-21',12),(771425,'Sophomore',1,NULL,'2002-07-29',12),(771945,'Junior',2,NULL,'2010-08-22',0),(772354,'Junior',1,NULL,'2013-07-08',0),(774548,'Freshman',2,NULL,'2000-12-07',0),(774862,'Freshman',3,'2015-11-03','2009-05-27',0),(775434,'Freshman',1,NULL,'2016-09-05',0),(778200,'Sophomore',3,NULL,'2000-09-04',0),(778415,'Sophomore',3,NULL,'2015-04-05',0),(780963,'Senior',2,NULL,'2004-10-15',4),(781472,'Freshman',2,NULL,'2015-11-25',5),(785299,'Junior',3,NULL,'2003-12-10',0),(787549,'Freshman',2,'2014-01-13','2013-09-15',10),(787931,'Freshman',3,NULL,'2001-06-15',0),(790008,'Freshman',3,NULL,'2012-03-09',7),(790017,'Sophomore',1,NULL,'2004-04-22',0),(790187,'Sophomore',2,NULL,'2014-01-06',0),(790290,'Sophomore',3,NULL,'2006-01-13',0),(790389,'Junior',1,NULL,'2008-10-20',7),(791119,'Sophomore',3,NULL,'2011-12-31',11),(791967,'Sophomore',2,NULL,'2010-10-31',0),(793523,'Sophomore',1,NULL,'2013-11-17',9),(795934,'Junior',2,NULL,'2010-01-13',11),(798043,'Senior',1,NULL,'2008-02-27',0),(798553,'Junior',1,NULL,'2006-09-18',4),(798646,'Freshman',1,NULL,'2010-04-07',3),(798671,'Freshman',2,NULL,'2000-11-15',5),(798859,'Senior',1,NULL,'2006-01-08',7),(801970,'Senior',1,NULL,'2001-08-22',0),(802355,'Sophomore',2,NULL,'2000-01-16',0),(804360,'Junior',2,NULL,'2014-01-21',0),(804895,'Junior',1,NULL,'2010-08-07',0),(805103,'Sophomore',2,NULL,'2004-11-17',9),(807182,'Sophomore',2,NULL,'2009-05-08',4),(807964,'Freshman',2,NULL,'2015-01-29',9),(808609,'Sophomore',3,NULL,'2010-01-08',0),(808727,'Freshman',3,NULL,'2013-06-07',0),(808843,'Junior',3,NULL,'2005-08-10',0),(808996,'Senior',3,NULL,'2012-05-15',0),(809104,'Junior',3,NULL,'2006-01-06',0),(809491,'Sophomore',2,NULL,'2008-12-16',6),(809726,'Freshman',1,NULL,'2013-11-02',0),(810984,'Freshman',1,NULL,'2009-02-27',0),(811092,'Freshman',1,NULL,'2010-04-25',0),(811489,'Freshman',1,NULL,'2004-06-22',5),(811884,'Freshman',1,NULL,'2007-12-20',0),(817037,'Sophomore',3,NULL,'2002-12-08',7),(817818,'Junior',2,NULL,'2014-10-17',0),(818352,'Junior',2,NULL,'2006-11-06',0),(821474,'Junior',1,NULL,'2016-04-11',2),(821754,'Freshman',1,NULL,'2005-05-02',0),(821988,'Sophomore',2,NULL,'2001-07-18',0),(825343,'Junior',3,NULL,'2007-06-10',8),(825433,'Sophomore',2,NULL,'2013-06-29',11),(825853,'Freshman',2,NULL,'2004-05-22',7),(828174,'Sophomore',1,NULL,'2015-12-25',0),(829416,'Sophomore',1,NULL,'2006-01-04',10),(830006,'Freshman',2,NULL,'2008-07-09',0),(830373,'Junior',1,NULL,'2008-10-25',0),(835545,'Sophomore',1,NULL,'2000-05-07',5),(836259,'Senior',1,NULL,'2013-09-04',0),(836699,'Junior',1,NULL,'2008-04-11',5),(837427,'Senior',2,NULL,'2010-07-28',0),(838662,'Junior',1,NULL,'2011-04-20',0),(839558,'Sophomore',1,NULL,'2012-10-05',5),(842752,'Junior',2,NULL,'2009-11-01',9),(842936,'Junior',2,NULL,'2002-09-19',0),(843879,'Senior',3,NULL,'2013-02-20',0),(844571,'Freshman',1,NULL,'2000-07-30',0),(846100,'Junior',2,NULL,'2003-08-25',8),(846144,'Junior',2,NULL,'2010-04-05',0),(846178,'Junior',2,NULL,'2011-03-04',0),(848311,'Senior',3,NULL,'2005-12-27',0),(848744,'Junior',1,NULL,'2010-09-22',0),(850297,'Freshman',3,NULL,'2005-06-23',12),(851939,'Freshman',2,NULL,'2009-02-09',0),(852587,'Junior',3,NULL,'2002-11-28',0),(854365,'Sophomore',2,NULL,'2015-11-20',0),(854776,'Junior',1,NULL,'2014-03-24',0),(855670,'Junior',1,NULL,'2015-10-28',0),(855988,'Junior',2,NULL,'2009-09-01',11),(856369,'Senior',2,NULL,'2014-07-01',10),(856418,'Junior',2,NULL,'2013-06-30',0),(860093,'Sophomore',3,NULL,'2001-08-12',0),(862150,'Junior',2,NULL,'2011-03-07',0),(863522,'Junior',2,NULL,'2005-12-13',3),(864516,'Sophomore',3,NULL,'2009-02-23',0),(864858,'Sophomore',2,NULL,'2000-03-26',0),(865495,'Sophomore',1,NULL,'2006-04-12',2),(865628,'Senior',2,NULL,'2008-12-29',10),(865905,'Senior',3,NULL,'2012-07-12',0),(866051,'Sophomore',1,NULL,'2000-11-16',4),(866614,'Senior',1,NULL,'2016-04-17',0),(866744,'Senior',3,NULL,'2002-02-17',0),(870351,'Sophomore',1,NULL,'2003-04-01',0),(870463,'Freshman',1,NULL,'2015-02-28',2),(870904,'Junior',2,NULL,'2012-04-20',0),(871610,'Freshman',3,NULL,'2002-12-28',1),(871770,'Freshman',3,NULL,'2003-11-08',5),(873985,'Sophomore',3,NULL,'2009-03-02',0),(874971,'Senior',2,NULL,'2005-05-22',1),(877422,'Sophomore',1,NULL,'2013-08-09',6),(880526,'Sophomore',1,NULL,'2008-02-09',0),(880704,'Junior',3,NULL,'2003-10-24',6),(884877,'Sophomore',2,NULL,'2006-11-01',0),(885624,'Junior',2,NULL,'2003-05-01',0),(885774,'Freshman',2,NULL,'2007-03-16',0),(886315,'Sophomore',2,NULL,'2002-08-26',1),(887692,'Junior',3,NULL,'2014-03-13',0),(888196,'Junior',3,NULL,'2008-07-28',0),(888277,'Junior',3,NULL,'2003-05-25',0),(890432,'Sophomore',1,NULL,'2007-01-02',0),(891083,'Senior',3,NULL,'2007-04-14',0),(891142,'Junior',2,NULL,'2009-03-19',0),(893976,'Sophomore',2,NULL,'2013-06-27',4),(894936,'Senior',2,NULL,'2002-07-11',9),(896022,'Sophomore',1,NULL,'2001-10-11',0),(898816,'Senior',2,NULL,'2000-01-14',0),(901185,'Junior',3,NULL,'2001-09-11',8),(901588,'Junior',2,NULL,'2000-12-13',0),(901654,'Senior',2,NULL,'2004-04-11',0),(901775,'Senior',1,NULL,'2004-09-07',5),(902132,'Junior',1,NULL,'2011-08-11',0),(903098,'Senior',2,NULL,'2013-06-04',0),(905335,'Junior',1,NULL,'2002-01-15',0),(906797,'Senior',3,NULL,'2009-04-27',11),(906870,'Sophomore',2,NULL,'2016-01-02',5),(908007,'Senior',1,NULL,'2011-07-26',9),(909024,'Freshman',3,NULL,'2008-09-22',0),(909139,'Sophomore',2,NULL,'2000-09-02',0),(909265,'Freshman',2,NULL,'2005-04-09',0),(909337,'Senior',3,NULL,'2014-06-23',1),(911800,'Freshman',1,NULL,'2001-08-27',0),(913253,'Senior',1,NULL,'2001-06-16',10),(915507,'Freshman',2,NULL,'2002-08-22',11),(915993,'Junior',3,NULL,'2013-12-29',0),(918148,'Sophomore',2,NULL,'2015-08-26',0),(920668,'Junior',3,'2015-11-03','2006-12-25',0),(921061,'Senior',3,NULL,'2014-04-05',0),(923271,'Junior',2,NULL,'2010-05-27',0),(923329,'Junior',1,NULL,'2012-04-25',0),(924134,'Junior',3,NULL,'2014-06-10',0),(924281,'Senior',3,NULL,'2013-05-01',5),(924304,'Junior',1,NULL,'2006-10-21',0),(924427,'Junior',1,NULL,'2014-06-12',1),(924999,'Freshman',1,NULL,'2002-01-11',0),(925484,'Senior',1,NULL,'2006-12-26',5),(925954,'Sophomore',3,NULL,'2003-05-03',0),(926224,'Senior',3,NULL,'2011-07-09',0),(928723,'Sophomore',2,NULL,'2002-01-20',0),(928739,'Freshman',3,NULL,'2015-02-09',2),(929548,'Senior',3,NULL,'2002-06-06',0),(929791,'Senior',3,NULL,'2001-05-26',3),(930129,'Freshman',3,NULL,'2013-11-04',0),(931551,'Senior',1,NULL,'2010-10-01',0),(932175,'Sophomore',3,NULL,'2000-01-28',0),(932425,'Junior',2,NULL,'2015-11-18',2),(932453,'Sophomore',1,NULL,'2007-12-10',9),(934285,'Junior',3,NULL,'2005-02-10',10),(934912,'Freshman',3,NULL,'2003-02-18',0),(935745,'Sophomore',1,NULL,'2010-01-04',8),(935890,'Junior',3,NULL,'2004-12-17',0),(937260,'Sophomore',3,NULL,'2000-02-14',0),(937737,'Senior',1,NULL,'2016-04-10',3),(937931,'Freshman',2,NULL,'2005-08-26',0),(938475,'Senior',1,NULL,'2001-12-05',0),(939970,'Sophomore',2,NULL,'2003-08-23',0),(940754,'Sophomore',1,NULL,'2003-04-02',0),(941632,'Freshman',1,NULL,'2013-12-02',0),(941759,'Junior',2,NULL,'2012-05-25',6),(944699,'Junior',1,NULL,'2014-03-20',0),(944811,'Freshman',1,NULL,'2011-08-08',0),(946630,'Freshman',2,NULL,'2012-04-29',11),(946835,'Junior',3,NULL,'2006-10-04',12),(947334,'Junior',2,NULL,'2003-11-14',11),(948512,'Junior',1,NULL,'2008-10-30',5),(950796,'Senior',2,NULL,'2015-01-19',0),(951857,'Freshman',3,NULL,'2004-10-26',8),(953967,'Senior',2,NULL,'2012-12-15',10),(955260,'Junior',2,NULL,'2007-02-06',0),(957082,'Junior',2,NULL,'2001-07-03',0),(959306,'Senior',3,NULL,'2000-06-18',8),(959506,'Junior',3,NULL,'2012-08-21',1),(962851,'Freshman',3,NULL,'2004-01-17',7),(963113,'Junior',3,NULL,'2012-02-14',0),(963676,'Senior',1,NULL,'2012-06-15',12),(964084,'Junior',1,NULL,'2010-10-24',0),(964798,'Freshman',2,NULL,'2014-04-03',0),(966375,'Sophomore',1,NULL,'2005-05-30',11),(966525,'Junior',3,NULL,'2000-01-21',1),(967793,'Freshman',3,'2016-04-17','2003-07-30',0),(968785,'Freshman',2,NULL,'2013-05-11',0),(970502,'Freshman',1,NULL,'2012-01-23',6),(971444,'Senior',3,NULL,'2010-02-03',5),(974444,'Freshman',2,NULL,'2004-07-17',4),(975770,'Sophomore',3,NULL,'2003-07-13',0),(976096,'Sophomore',3,NULL,'2011-11-15',6),(977573,'Freshman',3,NULL,'2005-01-29',0),(978535,'Freshman',2,NULL,'2003-01-10',0),(978745,'Freshman',1,NULL,'2005-11-18',1),(979649,'Sophomore',3,NULL,'2007-10-02',0),(979873,'Freshman',2,NULL,'2005-04-01',0),(981925,'Senior',3,NULL,'2003-12-28',10),(983480,'Junior',2,NULL,'2009-10-19',0),(987377,'Freshman',1,'2015-11-03','2008-01-25',0),(988676,'Senior',1,NULL,'2004-08-13',0),(988937,'Junior',1,NULL,'2016-07-15',11),(991522,'Sophomore',2,NULL,'2008-11-04',0),(992197,'Senior',2,NULL,'2014-05-16',0),(992569,'Senior',1,NULL,'2012-11-08',0),(993099,'Sophomore',2,NULL,'2015-03-14',0),(993675,'Junior',3,NULL,'2003-05-28',12),(993792,'Senior',3,NULL,'2015-07-06',0),(995242,'Freshman',3,NULL,'2012-01-05',7),(996768,'Junior',2,NULL,'2001-06-29',0),(998638,'Junior',1,NULL,'2012-10-12',0),(999475,'Sophomore',3,NULL,'2013-01-03',0);
/*!40000 ALTER TABLE `student` ENABLE KEYS */;
UNLOCK TABLES;

--
-- Table structure for table `study_room`
--

DROP TABLE IF EXISTS `study_room`;
/*!40101 SET @saved_cs_client     = @@character_set_client */;
/*!50503 SET character_set_client = utf8mb4 */;
CREATE TABLE `study_room` (
  `utility_ID` int NOT NULL,
  `floor` int DEFAULT NULL,
  `capacity` int DEFAULT NULL,
  `tv` tinyint(1) DEFAULT NULL,
  `board` tinyint(1) DEFAULT NULL,
  PRIMARY KEY (`utility_ID`),
  CONSTRAINT `study_room_ibfk_1` FOREIGN KEY (`utility_ID`) REFERENCES `utilities` (`utility_ID`)
) ENGINE=InnoDB DEFAULT CHARSET=utf8mb4 COLLATE=utf8mb4_0900_ai_ci;
/*!40101 SET character_set_client = @saved_cs_client */;

--
-- Dumping data for table `study_room`
--

LOCK TABLES `study_room` WRITE;
/*!40000 ALTER TABLE `study_room` DISABLE KEYS */;
INSERT INTO `study_room` VALUES (5,1,3,1,0),(6,3,2,1,0),(7,2,5,1,0),(13,3,3,1,0),(14,0,5,1,1),(15,1,2,1,1),(16,0,5,1,1),(17,0,5,0,1),(18,0,3,0,0),(25,2,3,0,0),(26,3,3,0,0),(27,1,5,0,1),(28,3,5,0,1);
/*!40000 ALTER TABLE `study_room` ENABLE KEYS */;
UNLOCK TABLES;

--
-- Table structure for table `suggests`
--

DROP TABLE IF EXISTS `suggests`;
/*!40101 SET @saved_cs_client     = @@character_set_client */;
/*!50503 SET character_set_client = utf8mb4 */;
CREATE TABLE `suggests` (
  `book_ID` int NOT NULL,
  `member_ID` int NOT NULL,
  PRIMARY KEY (`book_ID`,`member_ID`),
  KEY `member_ID` (`member_ID`),
  CONSTRAINT `suggests_ibfk_1` FOREIGN KEY (`book_ID`) REFERENCES `book` (`book_ID`),
  CONSTRAINT `suggests_ibfk_2` FOREIGN KEY (`member_ID`) REFERENCES `member` (`member_ID`)
) ENGINE=InnoDB DEFAULT CHARSET=utf8mb4 COLLATE=utf8mb4_0900_ai_ci;
/*!40101 SET character_set_client = @saved_cs_client */;

--
-- Dumping data for table `suggests`
--

LOCK TABLES `suggests` WRITE;
/*!40000 ALTER TABLE `suggests` DISABLE KEYS */;
INSERT INTO `suggests` VALUES (28,117980),(54,118109),(137,118109),(264,118109),(347,118109),(476,118109),(41,125371),(10,125780),(16,131361),(56,147382),(139,147382),(266,147382),(349,147382),(478,147382),(89,149818),(113,149818),(172,149818),(231,149818),(299,149818),(323,149818),(384,149818),(443,149818),(59,159397),(142,159397),(269,159397),(352,159397),(60,169739),(143,169739),(270,169739),(353,169739),(97,172440),(180,172440),(239,172440),(307,172440),(392,172440),(451,172440),(76,174542),(126,174542),(159,174542),(192,174542),(218,174542),(251,174542),(286,174542),(336,174542),(371,174542),(404,174542),(430,174542),(463,174542),(46,180869),(129,180869),(339,180869),(69,186298),(119,186298),(152,186298),(211,186298),(279,186298),(329,186298),(362,186298),(423,186298),(49,198476),(132,198476),(342,198476),(87,199699),(111,199699),(170,199699),(229,199699),(297,199699),(321,199699),(382,199699),(441,199699),(480,199699),(34,209627),(47,222563),(130,222563),(340,222563),(3,224527),(8,228339),(9,239118),(93,247051),(176,247051),(235,247051),(303,247051),(388,247051),(447,247051),(26,248088),(17,259652),(44,272413),(72,273427),(122,273427),(155,273427),(188,273427),(214,273427),(247,273427),(282,273427),(332,273427),(365,273427),(400,273427),(426,273427),(459,273427),(82,285184),(106,285184),(165,285184),(198,285184),(224,285184),(257,285184),(292,285184),(316,285184),(377,285184),(410,285184),(436,285184),(469,285184),(38,314444),(43,327429),(73,329548),(123,329548),(156,329548),(189,329548),(215,329548),(248,329548),(283,329548),(333,329548),(366,329548),(368,329548),(401,329548),(427,329548),(460,329548),(71,337146),(121,337146),(154,337146),(213,337146),(281,337146),(331,337146),(364,337146),(425,337146),(90,352882),(114,352882),(173,352882),(232,352882),(300,352882),(324,352882),(385,352882),(444,352882),(100,359608),(183,359608),(242,359608),(310,359608),(395,359608),(454,359608),(13,407464),(22,417301),(37,425289),(18,430932),(11,431018),(58,437096),(141,437096),(268,437096),(351,437096),(12,452967),(57,456816),(140,456816),(267,456816),(350,456816),(20,467568),(7,476018),(5,492623),(67,498361),(117,498361),(150,498361),(209,498361),(277,498361),(327,498361),(360,498361),(421,498361),(31,521604),(84,523887),(108,523887),(167,523887),(200,523887),(226,523887),(259,523887),(294,523887),(318,523887),(379,523887),(412,523887),(438,523887),(471,523887),(80,537235),(104,537235),(163,537235),(187,537235),(196,537235),(222,537235),(246,537235),(255,537235),(290,537235),(314,537235),(375,537235),(399,537235),(408,537235),(434,537235),(458,537235),(467,537235),(48,541221),(131,541221),(341,541221),(24,544977),(98,568435),(181,568435),(240,568435),(308,568435),(393,568435),(452,568435),(96,569286),(179,569286),(238,569286),(306,569286),(391,569286),(450,569286),(63,587639),(146,587639),(205,587639),(273,587639),(356,587639),(417,587639),(6,589874),(65,597006),(148,597006),(207,597006),(275,597006),(358,597006),(419,597006),(99,597409),(182,597409),(241,597409),(309,597409),(394,597409),(453,597409),(27,599683),(95,601808),(178,601808),(237,601808),(305,601808),(390,601808),(449,601808),(19,637522),(35,642586),(45,645306),(128,645306),(338,645306),(36,651163),(79,661971),(103,661971),(162,661971),(186,661971),(195,661971),(221,661971),(245,661971),(254,661971),(289,661971),(313,661971),(374,661971),(398,661971),(407,661971),(433,661971),(457,661971),(466,661971),(50,664807),(133,664807),(343,664807),(102,669618),(185,669618),(244,669618),(312,669618),(397,669618),(456,669618),(51,673745),(134,673745),(344,673745),(4,674436),(78,678498),(161,678498),(194,678498),(220,678498),(253,678498),(288,678498),(373,678498),(406,678498),(432,678498),(465,678498),(23,682104),(21,683539),(85,684722),(109,684722),(168,684722),(201,684722),(227,684722),(260,684722),(295,684722),(319,684722),(380,684722),(413,684722),(439,684722),(472,684722),(66,688836),(116,688836),(149,688836),(208,688836),(276,688836),(326,688836),(359,688836),(420,688836),(40,711278),(81,712170),(105,712170),(164,712170),(197,712170),(223,712170),(256,712170),(291,712170),(315,712170),(376,712170),(409,712170),(435,712170),(468,712170),(94,715045),(177,715045),(236,715045),(304,715045),(389,715045),(448,715045),(68,759183),(118,759183),(151,759183),(210,759183),(278,759183),(328,759183),(361,759183),(422,759183),(91,760995),(115,760995),(174,760995),(233,760995),(301,760995),(325,760995),(386,760995),(445,760995),(70,776211),(120,776211),(153,776211),(212,776211),(280,776211),(330,776211),(363,776211),(424,776211),(62,779374),(145,779374),(204,779374),(272,779374),(355,779374),(416,779374),(86,792224),(110,792224),(169,792224),(202,792224),(228,792224),(261,792224),(296,792224),(320,792224),(381,792224),(414,792224),(440,792224),(473,792224),(479,792224),(1,795746),(101,803426),(184,803426),(243,803426),(311,803426),(396,803426),(455,803426),(52,812026),(135,812026),(262,812026),(345,812026),(474,812026),(32,848091),(77,857324),(127,857324),(160,857324),(193,857324),(219,857324),(252,857324),(287,857324),(337,857324),(372,857324),(405,857324),(431,857324),(464,857324),(75,862947),(125,862947),(158,862947),(191,862947),(217,862947),(250,862947),(285,862947),(335,862947),(370,862947),(403,862947),(429,862947),(462,862947),(14,871827),(92,873626),(175,873626),(234,873626),(302,873626),(387,873626),(446,873626),(2,880808),(15,884068),(29,899405),(55,900863),(138,900863),(265,900863),(348,900863),(477,900863),(42,906259),(25,928962),(30,935067),(88,953997),(112,953997),(171,953997),(230,953997),(298,953997),(322,953997),(383,953997),(442,953997),(481,953997),(74,955183),(124,955183),(157,955183),(190,955183),(216,955183),(249,955183),(284,955183),(334,955183),(367,955183),(369,955183),(402,955183),(428,955183),(461,955183),(39,956821),(53,957459),(136,957459),(263,957459),(346,957459),(475,957459),(64,964222),(147,964222),(206,964222),(274,964222),(357,964222),(418,964222),(83,994907),(107,994907),(166,994907),(199,994907),(225,994907),(258,994907),(293,994907),(317,994907),(378,994907),(411,994907),(437,994907),(470,994907),(61,995863),(144,995863),(203,995863),(271,995863),(354,995863),(415,995863),(33,999219);
/*!40000 ALTER TABLE `suggests` ENABLE KEYS */;
UNLOCK TABLES;

--
-- Table structure for table `uses`
--

DROP TABLE IF EXISTS `uses`;
/*!40101 SET @saved_cs_client     = @@character_set_client */;
/*!50503 SET character_set_client = utf8mb4 */;
CREATE TABLE `uses` (
  `s_member_ID` int NOT NULL,
  `utility_ID` int NOT NULL,
  PRIMARY KEY (`s_member_ID`,`utility_ID`),
  KEY `utility_ID` (`utility_ID`),
  CONSTRAINT `uses_ibfk_1` FOREIGN KEY (`s_member_ID`) REFERENCES `student` (`member_ID`),
  CONSTRAINT `uses_ibfk_2` FOREIGN KEY (`utility_ID`) REFERENCES `utilities` (`utility_ID`)
) ENGINE=InnoDB DEFAULT CHARSET=utf8mb4 COLLATE=utf8mb4_0900_ai_ci;
/*!40101 SET character_set_client = @saved_cs_client */;

--
-- Dumping data for table `uses`
--

LOCK TABLES `uses` WRITE;
/*!40000 ALTER TABLE `uses` DISABLE KEYS */;
INSERT INTO `uses` VALUES (143898,1),(225090,1),(304721,1),(395792,1),(483751,1),(621375,1),(811489,1),(901185,1),(913253,1),(159108,2),(169763,2),(212917,2),(346662,2),(358935,2),(403674,2),(461385,2),(586207,2),(587361,2),(768457,2),(795934,2),(269523,3),(297741,3),(326358,3),(415161,3),(798859,3),(821474,3),(932425,3),(995242,3),(144235,4),(146825,4),(158543,4),(257927,4),(412201,4),(414967,4),(673049,4),(737292,4),(966375,4),(966525,4),(149904,5),(266284,5),(520702,5),(542826,5),(552582,5),(601071,5),(620634,5),(633255,5),(725857,5),(836699,5),(168829,6),(326407,6),(431841,6),(136626,7),(219020,7),(264960,7),(287114,7),(362287,7),(491595,7),(835545,7),(886315,7),(893976,7),(155570,8),(232794,8),(318571,8),(332802,8),(590579,8),(596917,8),(603179,8),(201710,9),(412317,9),(745672,9),(850297,9),(880704,9),(186102,10),(191963,10),(290808,10),(458320,10),(668717,10),(839558,10),(971444,10),(122005,11),(162573,11),(206783,11),(287787,11),(474759,11),(520092,11),(583282,11),(612850,11),(724235,11),(924281,11),(145327,12),(149763,12),(191240,12),(249180,12),(297059,12),(323914,12),(328562,12),(583924,12),(602683,12),(798671,12),(805103,12),(807964,12),(846100,12),(160503,13),(363951,13),(392678,13),(695631,13),(721098,13),(825343,13),(871610,13),(908007,13),(932453,13),(166790,14),(419075,14),(479832,14),(608832,14),(842752,14),(865628,14),(877422,14),(959506,14),(970502,14),(297502,15),(369712,15),(532002,15),(597202,15),(759248,15),(924427,15),(934285,15),(947334,15),(114425,16),(178602,16),(192175,16),(330816,16),(354363,16),(513011,16),(597805,16),(625981,16),(651120,16),(771425,16),(963676,16),(166615,17),(248449,17),(421955,17),(505780,17),(556491,17),(702034,17),(798646,17),(825853,17),(863522,17),(870463,17),(253588,18),(547420,18),(866051,18),(894936,18),(929791,18),(948512,18),(988937,18),(118236,19),(509911,19),(722543,19),(781472,19),(855988,19),(130591,20),(306185,20),(337955,20),(404070,20),(487100,20),(701223,20),(769123,20),(793523,20),(817037,20),(953967,20),(168824,21),(185077,21),(238992,21),(262843,21),(581563,21),(749765,21),(790389,21),(252938,22),(265124,22),(381338,22),(396135,22),(433510,22),(458765,22),(463784,22),(579618,22),(641096,22),(974444,22),(144114,23),(169348,23),(224473,23),(451972,23),(648913,23),(856369,23),(865495,23),(874971,23),(906870,23),(308617,24),(310986,24),(316995,24),(398788,24),(415004,24),(430843,24),(513773,24),(581261,24),(603575,24),(616665,24),(766783,24),(780963,24),(909337,24),(937737,24),(993675,24),(141178,25),(144715,25),(273645,25),(275491,25),(279563,25),(787549,25),(946630,25),(141326,26),(158689,26),(171553,26),(232661,26),(282037,26),(300693,26),(505758,26),(634658,26),(747200,26),(829416,26),(925484,26),(951857,26),(141086,27),(175035,27),(189557,27),(252371,27),(344607,27),(350367,27),(410300,27),(434046,27),(593953,27),(809491,27),(928739,27),(976096,27),(135089,28),(240295,28),(316579,28),(432168,28),(562109,28),(676618,28),(707520,28),(946835,28),(962851,28);
/*!40000 ALTER TABLE `uses` ENABLE KEYS */;
UNLOCK TABLES;

--
-- Table structure for table `utilities`
--

DROP TABLE IF EXISTS `utilities`;
/*!40101 SET @saved_cs_client     = @@character_set_client */;
/*!50503 SET character_set_client = utf8mb4 */;
CREATE TABLE `utilities` (
  `utility_ID` int NOT NULL,
  `availability` varchar(30) DEFAULT NULL,
  `library_ID` int DEFAULT NULL,
  PRIMARY KEY (`utility_ID`),
  KEY `library_ID` (`library_ID`),
  CONSTRAINT `utilities_ibfk_1` FOREIGN KEY (`library_ID`) REFERENCES `library` (`library_ID`)
) ENGINE=InnoDB DEFAULT CHARSET=utf8mb4 COLLATE=utf8mb4_0900_ai_ci;
/*!40101 SET character_set_client = @saved_cs_client */;

--
-- Dumping data for table `utilities`
--

LOCK TABLES `utilities` WRITE;
/*!40000 ALTER TABLE `utilities` DISABLE KEYS */;
INSERT INTO `utilities` VALUES (1,'Available',1),(2,'Available',1),(3,'Available',1),(4,'Available',1),(5,'Available',1),(6,'Available',1),(7,'Available',1),(8,'Available',2),(9,'Available',2),(10,'Available',2),(11,'Available',2),(12,'Available',2),(13,'Available',2),(14,'Available',2),(15,'Available',2),(16,'Available',2),(17,'Available',2),(18,'Available',2),(19,'Available',3),(20,'Available',3),(21,'Available',3),(22,'Available',3),(23,'Available',3),(24,'Available',3),(25,'Available',3),(26,'Available',3),(27,'Available',3),(28,'Available',3);
/*!40000 ALTER TABLE `utilities` ENABLE KEYS */;
UNLOCK TABLES;
/*!40103 SET TIME_ZONE=@OLD_TIME_ZONE */;

/*!40101 SET SQL_MODE=@OLD_SQL_MODE */;
/*!40014 SET FOREIGN_KEY_CHECKS=@OLD_FOREIGN_KEY_CHECKS */;
/*!40014 SET UNIQUE_CHECKS=@OLD_UNIQUE_CHECKS */;
/*!40101 SET CHARACTER_SET_CLIENT=@OLD_CHARACTER_SET_CLIENT */;
/*!40101 SET CHARACTER_SET_RESULTS=@OLD_CHARACTER_SET_RESULTS */;
/*!40101 SET COLLATION_CONNECTION=@OLD_COLLATION_CONNECTION */;
/*!40111 SET SQL_NOTES=@OLD_SQL_NOTES */;

-- Dump completed on 2022-05-27 14:06:19
